file,line,type,commit,author,date,time,timezone,datetime,depth,length
style.css,1,css,00000000,Not Committed Yet,2025-11-07,18:49:26,-08:00,2025-11-07T18:49:26-08:00,0,0
style.css,2,css,32d44821,vanessallfeng,2025-11-01,21:49:54,-07:00,2025-11-01T21:49:54-07:00,0,4
style.css,3,css,32d44821,vanessallfeng,2025-11-01,21:49:54,-07:00,2025-11-01T21:49:54-07:00,1,23
style.css,4,css,00000000,Not Committed Yet,2025-11-07,18:49:26,-08:00,2025-11-07T18:49:26-08:00,1,32
style.css,5,css,32d44821,vanessallfeng,2025-11-01,21:49:54,-07:00,2025-11-01T21:49:54-07:00,0,0
style.css,6,css,bc5d1ad5,vanessallfeng,2025-10-15,15:14:51,-07:00,2025-10-15T15:14:51-07:00,0,0
style.css,7,css,1494630f,vanessallfeng,2025-10-15,16:17:35,-07:00,2025-10-15T16:17:35-07:00,0,5
style.css,8,css,1494630f,vanessallfeng,2025-10-15,16:17:35,-07:00,2025-10-15T16:17:35-07:00,1,34
style.css,9,css,32d44821,vanessallfeng,2025-11-01,21:49:54,-07:00,2025-11-01T21:49:54-07:00,1,41
style.css,10,css,32d44821,vanessallfeng,2025-11-01,21:49:54,-07:00,2025-11-01T21:49:54-07:00,1,50
style.css,11,css,32d44821,vanessallfeng,2025-11-01,21:49:54,-07:00,2025-11-01T21:49:54-07:00,1,22
style.css,12,css,1494630f,vanessallfeng,2025-10-15,16:17:35,-07:00,2025-10-15T16:17:35-07:00,0,0
style.css,13,css,1494630f,vanessallfeng,2025-10-15,16:17:35,-07:00,2025-10-15T16:17:35-07:00,0,0
style.css,14,css,7ae40ecf,vanessallfeng,2025-10-09,21:29:26,-07:00,2025-10-09T21:29:26-07:00,0,4
style.css,15,css,7ae40ecf,vanessallfeng,2025-10-09,21:29:26,-07:00,2025-10-09T21:29:26-07:00,1,23
style.css,16,css,7ae40ecf,vanessallfeng,2025-10-09,21:29:26,-07:00,2025-10-09T21:29:26-07:00,1,15
style.css,17,css,7ae40ecf,vanessallfeng,2025-10-09,21:29:26,-07:00,2025-10-09T21:29:26-07:00,1,13
style.css,18,css,bc5d1ad5,vanessallfeng,2025-10-15,15:14:51,-07:00,2025-10-15T15:14:51-07:00,1,14
style.css,19,css,7ae40ecf,vanessallfeng,2025-10-09,21:29:26,-07:00,2025-10-09T21:29:26-07:00,0,0
style.css,20,css,1494630f,vanessallfeng,2025-10-15,16:17:35,-07:00,2025-10-15T16:17:35-07:00,0,0
style.css,21,css,32d44821,vanessallfeng,2025-11-01,21:49:54,-07:00,2025-11-01T21:49:54-07:00,0,3
style.css,22,css,32d44821,vanessallfeng,2025-11-01,21:49:54,-07:00,2025-11-01T21:49:54-07:00,1,14
style.css,23,css,32d44821,vanessallfeng,2025-11-01,21:49:54,-07:00,2025-11-01T21:49:54-07:00,1,11
style.css,24,css,32d44821,vanessallfeng,2025-11-01,21:49:54,-07:00,2025-11-01T21:49:54-07:00,0,0
style.css,25,css,7ae40ecf,vanessallfeng,2025-10-09,21:29:26,-07:00,2025-10-09T21:29:26-07:00,0,0
style.css,26,css,32d44821,vanessallfeng,2025-11-01,21:49:54,-07:00,2025-11-01T21:49:54-07:00,0,3
style.css,27,css,32d44821,vanessallfeng,2025-11-01,21:49:54,-07:00,2025-11-01T21:49:54-07:00,1,12
style.css,28,css,32d44821,vanessallfeng,2025-11-01,21:49:54,-07:00,2025-11-01T21:49:54-07:00,1,39
style.css,29,css,32d44821,vanessallfeng,2025-11-01,21:49:54,-07:00,2025-11-01T21:49:54-07:00,1,20
style.css,30,css,32d44821,vanessallfeng,2025-11-01,21:49:54,-07:00,2025-11-01T21:49:54-07:00,1,43
style.css,31,css,32d44821,vanessallfeng,2025-11-01,21:49:54,-07:00,2025-11-01T21:49:54-07:00,0,0
style.css,32,css,7ae40ecf,vanessallfeng,2025-10-09,21:29:26,-07:00,2025-10-09T21:29:26-07:00,0,0
style.css,33,css,7ae40ecf,vanessallfeng,2025-10-09,21:29:26,-07:00,2025-10-09T21:29:26-07:00,0,5
style.css,34,css,32d44821,vanessallfeng,2025-11-01,21:49:54,-07:00,2025-11-01T21:49:54-07:00,1,6
style.css,35,css,7ae40ecf,vanessallfeng,2025-10-09,21:29:26,-07:00,2025-10-09T21:29:26-07:00,1,20
style.css,36,css,7ae40ecf,vanessallfeng,2025-10-09,21:29:26,-07:00,2025-10-09T21:29:26-07:00,1,13
style.css,37,css,7ae40ecf,vanessallfeng,2025-10-09,21:29:26,-07:00,2025-10-09T21:29:26-07:00,1,17
style.css,38,css,bc5d1ad5,vanessallfeng,2025-10-15,15:14:51,-07:00,2025-10-15T15:14:51-07:00,1,13
style.css,39,css,7ae40ecf,vanessallfeng,2025-10-09,21:29:26,-07:00,2025-10-09T21:29:26-07:00,0,0
style.css,40,css,7ae40ecf,vanessallfeng,2025-10-09,21:29:26,-07:00,2025-10-09T21:29:26-07:00,0,0
style.css,41,css,7ae40ecf,vanessallfeng,2025-10-09,21:29:26,-07:00,2025-10-09T21:29:26-07:00,0,13
style.css,42,css,bc5d1ad5,vanessallfeng,2025-10-15,15:14:51,-07:00,2025-10-15T15:14:51-07:00,1,45
style.css,43,css,bc5d1ad5,vanessallfeng,2025-10-15,15:14:51,-07:00,2025-10-15T15:14:51-07:00,1,20
style.css,44,css,bc5d1ad5,vanessallfeng,2025-10-15,15:14:51,-07:00,2025-10-15T15:14:51-07:00,1,15
style.css,45,css,7ae40ecf,vanessallfeng,2025-10-09,21:29:26,-07:00,2025-10-09T21:29:26-07:00,0,0
style.css,46,css,7ae40ecf,vanessallfeng,2025-10-09,21:29:26,-07:00,2025-10-09T21:29:26-07:00,0,0
style.css,47,css,7ae40ecf,vanessallfeng,2025-10-09,21:29:26,-07:00,2025-10-09T21:29:26-07:00,0,11
style.css,48,css,bc5d1ad5,vanessallfeng,2025-10-15,15:14:51,-07:00,2025-10-15T15:14:51-07:00,1,69
style.css,49,css,bc5d1ad5,vanessallfeng,2025-10-15,15:14:51,-07:00,2025-10-15T15:14:51-07:00,1,39
style.css,50,css,7ae40ecf,vanessallfeng,2025-10-09,21:29:26,-07:00,2025-10-09T21:29:26-07:00,0,0
style.css,51,css,7ae40ecf,vanessallfeng,2025-10-09,21:29:26,-07:00,2025-10-09T21:29:26-07:00,0,0
style.css,52,css,32d44821,vanessallfeng,2025-11-01,21:49:54,-07:00,2025-11-01T21:49:54-07:00,0,4
style.css,53,css,32d44821,vanessallfeng,2025-11-01,21:49:54,-07:00,2025-11-01T21:49:54-07:00,0,7
style.css,54,css,32d44821,vanessallfeng,2025-11-01,21:49:54,-07:00,2025-11-01T21:49:54-07:00,0,5
style.css,55,css,32d44821,vanessallfeng,2025-11-01,21:49:54,-07:00,2025-11-01T21:49:54-07:00,0,6
style.css,56,css,32d44821,vanessallfeng,2025-11-01,21:49:54,-07:00,2025-11-01T21:49:54-07:00,1,12
style.css,57,css,32d44821,vanessallfeng,2025-11-01,21:49:54,-07:00,2025-11-01T21:49:54-07:00,0,0
style.css,58,css,7ae40ecf,vanessallfeng,2025-10-09,21:29:26,-07:00,2025-10-09T21:29:26-07:00,0,0
style.css,59,css,7ae40ecf,vanessallfeng,2025-10-09,21:29:26,-07:00,2025-10-09T21:29:26-07:00,0,4
style.css,60,css,7ae40ecf,vanessallfeng,2025-10-09,21:29:26,-07:00,2025-10-09T21:29:26-07:00,1,12
style.css,61,css,7ae40ecf,vanessallfeng,2025-10-09,21:29:26,-07:00,2025-10-09T21:29:26-07:00,1,30
style.css,62,css,bc5d1ad5,vanessallfeng,2025-10-15,15:14:51,-07:00,2025-10-15T15:14:51-07:00,1,7
style.css,63,css,7ae40ecf,vanessallfeng,2025-10-09,21:29:26,-07:00,2025-10-09T21:29:26-07:00,0,0
style.css,64,css,1494630f,vanessallfeng,2025-10-15,16:17:35,-07:00,2025-10-15T16:17:35-07:00,0,0
style.css,65,css,00000000,Not Committed Yet,2025-11-07,18:49:26,-08:00,2025-11-07T18:49:26-08:00,0,26
style.css,66,css,00000000,Not Committed Yet,2025-11-07,18:49:26,-08:00,2025-11-07T18:49:26-08:00,0,29
style.css,67,css,7ae40ecf,vanessallfeng,2025-10-09,21:29:26,-07:00,2025-10-09T21:29:26-07:00,0,0
style.css,68,css,7ae40ecf,vanessallfeng,2025-10-09,21:29:26,-07:00,2025-10-09T21:29:26-07:00,0,9
style.css,69,css,7ae40ecf,vanessallfeng,2025-10-09,21:29:26,-07:00,2025-10-09T21:29:26-07:00,1,12
style.css,70,css,7ae40ecf,vanessallfeng,2025-10-09,21:29:26,-07:00,2025-10-09T21:29:26-07:00,1,58
style.css,71,css,bc5d1ad5,vanessallfeng,2025-10-15,15:14:51,-07:00,2025-10-15T15:14:51-07:00,1,7
style.css,72,css,7ae40ecf,vanessallfeng,2025-10-09,21:29:26,-07:00,2025-10-09T21:29:26-07:00,0,0
style.css,73,css,7ae40ecf,vanessallfeng,2025-10-09,21:29:26,-07:00,2025-10-09T21:29:26-07:00,0,0
style.css,74,css,7ae40ecf,vanessallfeng,2025-10-09,21:29:26,-07:00,2025-10-09T21:29:26-07:00,0,17
style.css,75,css,7ae40ecf,vanessallfeng,2025-10-09,21:29:26,-07:00,2025-10-09T21:29:26-07:00,1,12
style.css,76,css,7ae40ecf,vanessallfeng,2025-10-09,21:29:26,-07:00,2025-10-09T21:29:26-07:00,1,26
style.css,77,css,bc5d1ad5,vanessallfeng,2025-10-15,15:14:51,-07:00,2025-10-15T15:14:51-07:00,1,15
style.css,78,css,7ae40ecf,vanessallfeng,2025-10-09,21:29:26,-07:00,2025-10-09T21:29:26-07:00,0,0
style.css,79,css,7ae40ecf,vanessallfeng,2025-10-09,21:29:26,-07:00,2025-10-09T21:29:26-07:00,0,0
style.css,80,css,00000000,Not Committed Yet,2025-11-07,18:49:26,-08:00,2025-11-07T18:49:26-08:00,0,25
style.css,81,css,32d44821,vanessallfeng,2025-11-01,21:49:54,-07:00,2025-11-01T21:49:54-07:00,0,0
style.css,82,css,00000000,Not Committed Yet,2025-11-07,18:49:26,-08:00,2025-11-07T18:49:26-08:00,0,21
style.css,83,css,1494630f,vanessallfeng,2025-10-15,16:17:35,-07:00,2025-10-15T16:17:35-07:00,0,0
style.css,84,css,00000000,Not Committed Yet,2025-11-07,18:49:26,-08:00,2025-11-07T18:49:26-08:00,0,22
style.css,85,css,7ae40ecf,vanessallfeng,2025-10-09,21:29:26,-07:00,2025-10-09T21:29:26-07:00,1,15
style.css,86,css,bc5d1ad5,vanessallfeng,2025-10-15,15:14:51,-07:00,2025-10-15T15:14:51-07:00,1,17
style.css,87,css,7ae40ecf,vanessallfeng,2025-10-09,21:29:26,-07:00,2025-10-09T21:29:26-07:00,0,0
style.css,88,css,bc5d1ad5,vanessallfeng,2025-10-15,15:14:51,-07:00,2025-10-15T15:14:51-07:00,0,0
style.css,89,css,279da714,vanessallfeng,2025-10-15,15:37:49,-07:00,2025-10-15T15:37:49-07:00,0,13
style.css,90,css,279da714,vanessallfeng,2025-10-15,15:37:49,-07:00,2025-10-15T15:37:49-07:00,1,17
style.css,91,css,279da714,vanessallfeng,2025-10-15,15:37:49,-07:00,2025-10-15T15:37:49-07:00,1,8
style.css,92,css,279da714,vanessallfeng,2025-10-15,15:37:49,-07:00,2025-10-15T15:37:49-07:00,1,10
style.css,93,css,279da714,vanessallfeng,2025-10-15,15:37:49,-07:00,2025-10-15T15:37:49-07:00,1,19
style.css,94,css,279da714,vanessallfeng,2025-10-15,15:37:49,-07:00,2025-10-15T15:37:49-07:00,1,18
style.css,95,css,32d44821,vanessallfeng,2025-11-01,21:49:54,-07:00,2025-11-01T21:49:54-07:00,1,10
style.css,96,css,32d44821,vanessallfeng,2025-11-01,21:49:54,-07:00,2025-11-01T21:49:54-07:00,1,16
style.css,97,css,32d44821,vanessallfeng,2025-11-01,21:49:54,-07:00,2025-11-01T21:49:54-07:00,1,11
style.css,98,css,279da714,vanessallfeng,2025-10-15,15:37:49,-07:00,2025-10-15T15:37:49-07:00,1,12
style.css,99,css,1494630f,vanessallfeng,2025-10-15,16:17:35,-07:00,2025-10-15T16:17:35-07:00,0,0
style.css,100,css,1494630f,vanessallfeng,2025-10-15,16:17:35,-07:00,2025-10-15T16:17:35-07:00,0,0
style.css,101,css,00000000,Not Committed Yet,2025-11-07,18:49:26,-08:00,2025-11-07T18:49:26-08:00,0,50
style.css,102,css,00000000,Not Committed Yet,2025-11-07,18:49:26,-08:00,2025-11-07T18:49:26-08:00,0,36
style.css,103,css,00000000,Not Committed Yet,2025-11-07,18:49:26,-08:00,2025-11-07T18:49:26-08:00,0,39
style.css,104,css,00000000,Not Committed Yet,2025-11-07,18:49:26,-08:00,2025-11-07T18:49:26-08:00,0,37
style.css,105,css,00000000,Not Committed Yet,2025-11-07,18:49:26,-08:00,2025-11-07T18:49:26-08:00,0,34
style.css,106,css,00000000,Not Committed Yet,2025-11-07,18:49:26,-08:00,2025-11-07T18:49:26-08:00,0,43
style.css,107,css,00000000,Not Committed Yet,2025-11-07,18:49:26,-08:00,2025-11-07T18:49:26-08:00,0,34
style.css,108,css,1494630f,vanessallfeng,2025-10-15,16:17:35,-07:00,2025-10-15T16:17:35-07:00,0,0
style.css,109,css,1494630f,vanessallfeng,2025-10-15,16:17:35,-07:00,2025-10-15T16:17:35-07:00,0,16
style.css,110,css,1494630f,vanessallfeng,2025-10-15,16:17:35,-07:00,2025-10-15T16:17:35-07:00,1,12
style.css,111,css,1494630f,vanessallfeng,2025-10-15,16:17:35,-07:00,2025-10-15T16:17:35-07:00,1,35
style.css,112,css,1494630f,vanessallfeng,2025-10-15,16:17:35,-07:00,2025-10-15T16:17:35-07:00,1,18
style.css,113,css,1494630f,vanessallfeng,2025-10-15,16:17:35,-07:00,2025-10-15T16:17:35-07:00,2,15
style.css,114,css,1494630f,vanessallfeng,2025-10-15,16:17:35,-07:00,2025-10-15T16:17:35-07:00,2,22
style.css,115,css,1494630f,vanessallfeng,2025-10-15,16:17:35,-07:00,2025-10-15T16:17:35-07:00,1,25
style.css,116,css,1494630f,vanessallfeng,2025-10-15,16:17:35,-07:00,2025-10-15T16:17:35-07:00,1,22
style.css,117,css,1494630f,vanessallfeng,2025-10-15,16:17:35,-07:00,2025-10-15T16:17:35-07:00,1,17
style.css,118,css,32d44821,vanessallfeng,2025-11-01,21:49:54,-07:00,2025-11-01T21:49:54-07:00,1,21
style.css,119,css,32d44821,vanessallfeng,2025-11-01,21:49:54,-07:00,2025-11-01T21:49:54-07:00,0,0
style.css,120,css,32d44821,vanessallfeng,2025-11-01,21:49:54,-07:00,2025-11-01T21:49:54-07:00,0,0
style.css,121,css,00000000,Not Committed Yet,2025-11-07,18:49:26,-08:00,2025-11-07T18:49:26-08:00,0,52
style.css,122,css,00000000,Not Committed Yet,2025-11-07,18:49:26,-08:00,2025-11-07T18:49:26-08:00,0,76
style.css,123,css,00000000,Not Committed Yet,2025-11-07,18:49:26,-08:00,2025-11-07T18:49:26-08:00,0,57
style.css,124,css,1494630f,vanessallfeng,2025-10-15,16:17:35,-07:00,2025-10-15T16:17:35-07:00,0,19
style.css,125,css,1494630f,vanessallfeng,2025-10-15,16:17:35,-07:00,2025-10-15T16:17:35-07:00,1,17
style.css,126,css,32d44821,vanessallfeng,2025-11-01,21:49:54,-07:00,2025-11-01T21:49:54-07:00,1,30
style.css,127,css,1494630f,vanessallfeng,2025-10-15,16:17:35,-07:00,2025-10-15T16:17:35-07:00,1,9
style.css,128,css,1494630f,vanessallfeng,2025-10-15,16:17:35,-07:00,2025-10-15T16:17:35-07:00,0,0
style.css,129,css,00000000,Not Committed Yet,2025-11-07,18:49:26,-08:00,2025-11-07T18:49:26-08:00,0,40
style.css,130,css,1494630f,vanessallfeng,2025-10-15,16:17:35,-07:00,2025-10-15T16:17:35-07:00,0,0
style.css,131,css,1494630f,vanessallfeng,2025-10-15,16:17:35,-07:00,2025-10-15T16:17:35-07:00,0,25
style.css,132,css,00000000,Not Committed Yet,2025-11-07,18:49:26,-08:00,2025-11-07T18:49:26-08:00,1,51
style.css,133,css,32d44821,vanessallfeng,2025-11-01,21:49:54,-07:00,2025-11-01T21:49:54-07:00,0,0
style.css,134,css,32d44821,vanessallfeng,2025-11-01,21:49:54,-07:00,2025-11-01T21:49:54-07:00,0,0
style.css,135,css,32d44821,vanessallfeng,2025-11-01,21:49:54,-07:00,2025-11-01T21:49:54-07:00,0,18
style.css,136,css,32d44821,vanessallfeng,2025-11-01,21:49:54,-07:00,2025-11-01T21:49:54-07:00,1,31
style.css,137,css,32d44821,vanessallfeng,2025-11-01,21:49:54,-07:00,2025-11-01T21:49:54-07:00,1,11
style.css,138,css,32d44821,vanessallfeng,2025-11-01,21:49:54,-07:00,2025-11-01T21:49:54-07:00,1,16
style.css,139,css,32d44821,vanessallfeng,2025-11-01,21:49:54,-07:00,2025-11-01T21:49:54-07:00,1,16
style.css,140,css,32d44821,vanessallfeng,2025-11-01,21:49:54,-07:00,2025-11-01T21:49:54-07:00,1,13
style.css,141,css,32d44821,vanessallfeng,2025-11-01,21:49:54,-07:00,2025-11-01T21:49:54-07:00,0,0
style.css,142,css,32d44821,vanessallfeng,2025-11-01,21:49:54,-07:00,2025-11-01T21:49:54-07:00,0,0
style.css,143,css,32d44821,vanessallfeng,2025-11-01,21:49:54,-07:00,2025-11-01T21:49:54-07:00,0,14
style.css,144,css,32d44821,vanessallfeng,2025-11-01,21:49:54,-07:00,2025-11-01T21:49:54-07:00,1,12
style.css,145,css,32d44821,vanessallfeng,2025-11-01,21:49:54,-07:00,2025-11-01T21:49:54-07:00,1,10
style.css,146,css,32d44821,vanessallfeng,2025-11-01,21:49:54,-07:00,2025-11-01T21:49:54-07:00,1,18
style.css,147,css,32d44821,vanessallfeng,2025-11-01,21:49:54,-07:00,2025-11-01T21:49:54-07:00,1,20
style.css,148,css,32d44821,vanessallfeng,2025-11-01,21:49:54,-07:00,2025-11-01T21:49:54-07:00,1,16
style.css,149,css,32d44821,vanessallfeng,2025-11-01,21:49:54,-07:00,2025-11-01T21:49:54-07:00,1,16
style.css,150,css,32d44821,vanessallfeng,2025-11-01,21:49:54,-07:00,2025-11-01T21:49:54-07:00,0,0
style.css,151,css,32d44821,vanessallfeng,2025-11-01,21:49:54,-07:00,2025-11-01T21:49:54-07:00,0,0
style.css,152,css,32d44821,vanessallfeng,2025-11-01,21:49:54,-07:00,2025-11-01T21:49:54-07:00,0,22
style.css,153,css,32d44821,vanessallfeng,2025-11-01,21:49:54,-07:00,2025-11-01T21:49:54-07:00,1,36
style.css,154,css,32d44821,vanessallfeng,2025-11-01,21:49:54,-07:00,2025-11-01T21:49:54-07:00,1,37
style.css,155,css,32d44821,vanessallfeng,2025-11-01,21:49:54,-07:00,2025-11-01T21:49:54-07:00,1,17
style.css,156,css,32d44821,vanessallfeng,2025-11-01,21:49:54,-07:00,2025-11-01T21:49:54-07:00,0,0
style.css,157,css,32d44821,vanessallfeng,2025-11-01,21:49:54,-07:00,2025-11-01T21:49:54-07:00,0,0
style.css,158,css,32d44821,vanessallfeng,2025-11-01,21:49:54,-07:00,2025-11-01T21:49:54-07:00,0,7
style.css,159,css,32d44821,vanessallfeng,2025-11-01,21:49:54,-07:00,2025-11-01T21:49:54-07:00,1,12
style.css,160,css,32d44821,vanessallfeng,2025-11-01,21:49:54,-07:00,2025-11-01T21:49:54-07:00,1,25
style.css,161,css,32d44821,vanessallfeng,2025-11-01,21:49:54,-07:00,2025-11-01T21:49:54-07:00,1,10
style.css,162,css,32d44821,vanessallfeng,2025-11-01,21:49:54,-07:00,2025-11-01T21:49:54-07:00,1,19
style.css,163,css,32d44821,vanessallfeng,2025-11-01,21:49:54,-07:00,2025-11-01T21:49:54-07:00,1,20
style.css,164,css,32d44821,vanessallfeng,2025-11-01,21:49:54,-07:00,2025-11-01T21:49:54-07:00,1,15
style.css,165,css,32d44821,vanessallfeng,2025-11-01,21:49:54,-07:00,2025-11-01T21:49:54-07:00,1,37
style.css,166,css,32d44821,vanessallfeng,2025-11-01,21:49:54,-07:00,2025-11-01T21:49:54-07:00,1,20
style.css,167,css,32d44821,vanessallfeng,2025-11-01,21:49:54,-07:00,2025-11-01T21:49:54-07:00,1,27
style.css,168,css,32d44821,vanessallfeng,2025-11-01,21:49:54,-07:00,2025-11-01T21:49:54-07:00,0,0
style.css,169,css,32d44821,vanessallfeng,2025-11-01,21:49:54,-07:00,2025-11-01T21:49:54-07:00,0,0
style.css,170,css,32d44821,vanessallfeng,2025-11-01,21:49:54,-07:00,2025-11-01T21:49:54-07:00,0,12
style.css,171,css,32d44821,vanessallfeng,2025-11-01,21:49:54,-07:00,2025-11-01T21:49:54-07:00,1,12
style.css,172,css,32d44821,vanessallfeng,2025-11-01,21:49:54,-07:00,2025-11-01T21:49:54-07:00,1,18
style.css,173,css,32d44821,vanessallfeng,2025-11-01,21:49:54,-07:00,2025-11-01T21:49:54-07:00,1,10
style.css,174,css,32d44821,vanessallfeng,2025-11-01,21:49:54,-07:00,2025-11-01T21:49:54-07:00,1,16
style.css,175,css,32d44821,vanessallfeng,2025-11-01,21:49:54,-07:00,2025-11-01T21:49:54-07:00,1,14
style.css,176,css,32d44821,vanessallfeng,2025-11-01,21:49:54,-07:00,2025-11-01T21:49:54-07:00,0,0
style.css,177,css,32d44821,vanessallfeng,2025-11-01,21:49:54,-07:00,2025-11-01T21:49:54-07:00,0,0
style.css,178,css,32d44821,vanessallfeng,2025-11-01,21:49:54,-07:00,2025-11-01T21:49:54-07:00,0,15
style.css,179,css,32d44821,vanessallfeng,2025-11-01,21:49:54,-07:00,2025-11-01T21:49:54-07:00,1,20
style.css,180,css,32d44821,vanessallfeng,2025-11-01,21:49:54,-07:00,2025-11-01T21:49:54-07:00,1,10
style.css,181,css,32d44821,vanessallfeng,2025-11-01,21:49:54,-07:00,2025-11-01T21:49:54-07:00,1,18
style.css,182,css,32d44821,vanessallfeng,2025-11-01,21:49:54,-07:00,2025-11-01T21:49:54-07:00,1,23
style.css,183,css,32d44821,vanessallfeng,2025-11-01,21:49:54,-07:00,2025-11-01T21:49:54-07:00,1,20
style.css,184,css,32d44821,vanessallfeng,2025-11-01,21:49:54,-07:00,2025-11-01T21:49:54-07:00,0,0
style.css,185,css,32d44821,vanessallfeng,2025-11-01,21:49:54,-07:00,2025-11-01T21:49:54-07:00,0,0
style.css,186,css,00000000,Not Committed Yet,2025-11-07,18:49:26,-08:00,2025-11-07T18:49:26-08:00,0,46
style.css,187,css,00000000,Not Committed Yet,2025-11-07,18:49:26,-08:00,2025-11-07T18:49:26-08:00,0,76
style.css,188,css,00000000,Not Committed Yet,2025-11-07,18:49:26,-08:00,2025-11-07T18:49:26-08:00,0,0
style.css,189,css,00000000,Not Committed Yet,2025-11-07,18:49:26,-08:00,2025-11-07T18:49:26-08:00,0,94
style.css,190,css,00000000,Not Committed Yet,2025-11-07,18:49:26,-08:00,2025-11-07T18:49:26-08:00,0,94
style.css,191,css,00000000,Not Committed Yet,2025-11-07,18:49:26,-08:00,2025-11-07T18:49:26-08:00,0,64
style.css,192,css,00000000,Not Committed Yet,2025-11-07,18:49:26,-08:00,2025-11-07T18:49:26-08:00,0,0
style.css,193,css,00000000,Not Committed Yet,2025-11-07,18:49:26,-08:00,2025-11-07T18:49:26-08:00,0,52
style.css,194,css,00000000,Not Committed Yet,2025-11-07,18:49:26,-08:00,2025-11-07T18:49:26-08:00,0,72
style.css,195,css,00000000,Not Committed Yet,2025-11-07,18:49:26,-08:00,2025-11-07T18:49:26-08:00,0,65
style.css,196,css,00000000,Not Committed Yet,2025-11-07,18:49:26,-08:00,2025-11-07T18:49:26-08:00,0,0
style.css,197,css,00000000,Not Committed Yet,2025-11-07,18:49:26,-08:00,2025-11-07T18:49:26-08:00,0,10
style.css,198,css,00000000,Not Committed Yet,2025-11-07,18:49:26,-08:00,2025-11-07T18:49:26-08:00,1,13
style.css,199,css,00000000,Not Committed Yet,2025-11-07,18:49:26,-08:00,2025-11-07T18:49:26-08:00,1,22
style.css,200,css,00000000,Not Committed Yet,2025-11-07,18:49:26,-08:00,2025-11-07T18:49:26-08:00,1,21
style.css,201,css,00000000,Not Committed Yet,2025-11-07,18:49:26,-08:00,2025-11-07T18:49:26-08:00,1,22
style.css,202,css,00000000,Not Committed Yet,2025-11-07,18:49:26,-08:00,2025-11-07T18:49:26-08:00,1,42
style.css,203,css,00000000,Not Committed Yet,2025-11-07,18:49:26,-08:00,2025-11-07T18:49:26-08:00,1,20
style.css,204,css,00000000,Not Committed Yet,2025-11-07,18:49:26,-08:00,2025-11-07T18:49:26-08:00,1,16
style.css,205,css,00000000,Not Committed Yet,2025-11-07,18:49:26,-08:00,2025-11-07T18:49:26-08:00,0,0
style.css,206,css,00000000,Not Committed Yet,2025-11-07,18:49:26,-08:00,2025-11-07T18:49:26-08:00,0,16
style.css,207,css,00000000,Not Committed Yet,2025-11-07,18:49:26,-08:00,2025-11-07T18:49:26-08:00,1,69
style.css,208,css,00000000,Not Committed Yet,2025-11-07,18:49:26,-08:00,2025-11-07T18:49:26-08:00,1,18
style.css,209,css,32d44821,vanessallfeng,2025-11-01,21:49:54,-07:00,2025-11-01T21:49:54-07:00,0,0
style.css,210,css,32d44821,vanessallfeng,2025-11-01,21:49:54,-07:00,2025-11-01T21:49:54-07:00,0,0
style.css,211,css,00000000,Not Committed Yet,2025-11-07,18:49:26,-08:00,2025-11-07T18:49:26-08:00,0,13
style.css,212,css,00000000,Not Committed Yet,2025-11-07,18:49:26,-08:00,2025-11-07T18:49:26-08:00,1,42
style.css,213,css,00000000,Not Committed Yet,2025-11-07,18:49:26,-08:00,2025-11-07T18:49:26-08:00,1,17
style.css,214,css,00000000,Not Committed Yet,2025-11-07,18:49:26,-08:00,2025-11-07T18:49:26-08:00,1,25
style.css,215,css,00000000,Not Committed Yet,2025-11-07,18:49:26,-08:00,2025-11-07T18:49:26-08:00,1,49
style.css,216,css,00000000,Not Committed Yet,2025-11-07,18:49:26,-08:00,2025-11-07T18:49:26-08:00,0,0
style.css,217,css,00000000,Not Committed Yet,2025-11-07,18:49:26,-08:00,2025-11-07T18:49:26-08:00,0,18
style.css,218,css,00000000,Not Committed Yet,2025-11-07,18:49:26,-08:00,2025-11-07T18:49:26-08:00,1,24
style.css,219,css,00000000,Not Committed Yet,2025-11-07,18:49:26,-08:00,2025-11-07T18:49:26-08:00,1,16
style.css,220,css,32d44821,vanessallfeng,2025-11-01,21:49:54,-07:00,2025-11-01T21:49:54-07:00,0,0
style.css,221,css,32d44821,vanessallfeng,2025-11-01,21:49:54,-07:00,2025-11-01T21:49:54-07:00,0,0
style.css,222,css,00000000,Not Committed Yet,2025-11-07,18:49:26,-08:00,2025-11-07T18:49:26-08:00,0,31
style.css,223,css,00000000,Not Committed Yet,2025-11-07,18:49:26,-08:00,2025-11-07T18:49:26-08:00,0,15
style.css,224,css,00000000,Not Committed Yet,2025-11-07,18:49:26,-08:00,2025-11-07T18:49:26-08:00,1,12
style.css,225,css,00000000,Not Committed Yet,2025-11-07,18:49:26,-08:00,2025-11-07T18:49:26-08:00,1,50
style.css,226,css,00000000,Not Committed Yet,2025-11-07,18:49:26,-08:00,2025-11-07T18:49:26-08:00,1,19
style.css,227,css,00000000,Not Committed Yet,2025-11-07,18:49:26,-08:00,2025-11-07T18:49:26-08:00,1,8
style.css,228,css,00000000,Not Committed Yet,2025-11-07,18:49:26,-08:00,2025-11-07T18:49:26-08:00,1,9
style.css,229,css,00000000,Not Committed Yet,2025-11-07,18:49:26,-08:00,2025-11-07T18:49:26-08:00,1,22
style.css,230,css,00000000,Not Committed Yet,2025-11-07,18:49:26,-08:00,2025-11-07T18:49:26-08:00,1,8
style.css,231,css,00000000,Not Committed Yet,2025-11-07,18:49:26,-08:00,2025-11-07T18:49:26-08:00,0,0
style.css,232,css,00000000,Not Committed Yet,2025-11-07,18:49:26,-08:00,2025-11-07T18:49:26-08:00,0,9
style.css,233,css,00000000,Not Committed Yet,2025-11-07,18:49:26,-08:00,2025-11-07T18:49:26-08:00,1,16
style.css,234,css,00000000,Not Committed Yet,2025-11-07,18:49:26,-08:00,2025-11-07T18:49:26-08:00,1,20
style.css,235,css,00000000,Not Committed Yet,2025-11-07,18:49:26,-08:00,2025-11-07T18:49:26-08:00,1,24
style.css,236,css,00000000,Not Committed Yet,2025-11-07,18:49:26,-08:00,2025-11-07T18:49:26-08:00,1,11
style.css,237,css,00000000,Not Committed Yet,2025-11-07,18:49:26,-08:00,2025-11-07T18:49:26-08:00,0,0
style.css,238,css,00000000,Not Committed Yet,2025-11-07,18:49:26,-08:00,2025-11-07T18:49:26-08:00,0,9
style.css,239,css,00000000,Not Committed Yet,2025-11-07,18:49:26,-08:00,2025-11-07T18:49:26-08:00,1,8
style.css,240,css,00000000,Not Committed Yet,2025-11-07,18:49:26,-08:00,2025-11-07T18:49:26-08:00,1,16
style.css,241,css,00000000,Not Committed Yet,2025-11-07,18:49:26,-08:00,2025-11-07T18:49:26-08:00,1,15
style.css,242,css,00000000,Not Committed Yet,2025-11-07,18:49:26,-08:00,2025-11-07T18:49:26-08:00,1,15
style.css,243,css,32d44821,vanessallfeng,2025-11-01,21:49:54,-07:00,2025-11-01T21:49:54-07:00,0,0
style.css,244,css,32d44821,vanessallfeng,2025-11-01,21:49:54,-07:00,2025-11-01T21:49:54-07:00,0,0
style.css,245,css,00000000,Not Committed Yet,2025-11-07,18:49:26,-08:00,2025-11-07T18:49:26-08:00,0,26
style.css,246,css,00000000,Not Committed Yet,2025-11-07,18:49:26,-08:00,2025-11-07T18:49:26-08:00,0,10
style.css,247,css,00000000,Not Committed Yet,2025-11-07,18:49:26,-08:00,2025-11-07T18:49:26-08:00,1,10
style.css,248,css,00000000,Not Committed Yet,2025-11-07,18:49:26,-08:00,2025-11-07T18:49:26-08:00,1,12
style.css,249,css,00000000,Not Committed Yet,2025-11-07,18:49:26,-08:00,2025-11-07T18:49:26-08:00,1,13
style.css,250,css,32d44821,vanessallfeng,2025-11-01,21:49:54,-07:00,2025-11-01T21:49:54-07:00,0,0
style.css,251,css,32d44821,vanessallfeng,2025-11-01,21:49:54,-07:00,2025-11-01T21:49:54-07:00,0,0
style.css,252,css,00000000,Not Committed Yet,2025-11-07,18:49:26,-08:00,2025-11-07T18:49:26-08:00,0,28
style.css,253,css,00000000,Not Committed Yet,2025-11-07,18:49:26,-08:00,2025-11-07T18:49:26-08:00,1,19
style.css,254,css,00000000,Not Committed Yet,2025-11-07,18:49:26,-08:00,2025-11-07T18:49:26-08:00,1,12
style.css,255,css,00000000,Not Committed Yet,2025-11-07,18:49:26,-08:00,2025-11-07T18:49:26-08:00,1,26
style.css,256,css,32d44821,vanessallfeng,2025-11-01,21:49:54,-07:00,2025-11-01T21:49:54-07:00,0,0
style.css,257,css,00000000,Not Committed Yet,2025-11-07,18:49:26,-08:00,2025-11-07T18:49:26-08:00,0,39
style.css,258,css,00000000,Not Committed Yet,2025-11-07,18:49:26,-08:00,2025-11-07T18:49:26-08:00,0,0
style.css,259,css,00000000,Not Committed Yet,2025-11-07,18:49:26,-08:00,2025-11-07T18:49:26-08:00,0,32
style.css,260,css,32d44821,vanessallfeng,2025-11-01,21:49:54,-07:00,2025-11-01T21:49:54-07:00,0,0
style.css,261,css,00000000,Not Committed Yet,2025-11-07,18:49:26,-08:00,2025-11-07T18:49:26-08:00,0,6
style.css,262,css,00000000,Not Committed Yet,2025-11-07,18:49:26,-08:00,2025-11-07T18:49:26-08:00,1,16
style.css,263,css,00000000,Not Committed Yet,2025-11-07,18:49:26,-08:00,2025-11-07T18:49:26-08:00,1,23
style.css,264,css,00000000,Not Committed Yet,2025-11-07,18:49:26,-08:00,2025-11-07T18:49:26-08:00,1,22
style.css,265,css,32d44821,vanessallfeng,2025-11-01,21:49:54,-07:00,2025-11-01T21:49:54-07:00,0,0
style.css,266,css,00000000,Not Committed Yet,2025-11-07,18:49:26,-08:00,2025-11-07T18:49:26-08:00,0,37
style.css,267,css,32d44821,vanessallfeng,2025-11-01,21:49:54,-07:00,2025-11-01T21:49:54-07:00,0,0
style.css,268,css,00000000,Not Committed Yet,2025-11-07,18:49:26,-08:00,2025-11-07T18:49:26-08:00,0,55
style.css,269,css,00000000,Not Committed Yet,2025-11-07,18:49:26,-08:00,2025-11-07T18:49:26-08:00,0,0
style.css,270,css,00000000,Not Committed Yet,2025-11-07,18:49:26,-08:00,2025-11-07T18:49:26-08:00,0,56
style.css,271,css,00000000,Not Committed Yet,2025-11-07,18:49:26,-08:00,2025-11-07T18:49:26-08:00,0,10
style.css,272,css,00000000,Not Committed Yet,2025-11-07,18:49:26,-08:00,2025-11-07T18:49:26-08:00,1,16
style.css,273,css,00000000,Not Committed Yet,2025-11-07,18:49:26,-08:00,2025-11-07T18:49:26-08:00,1,11
style.css,274,css,00000000,Not Committed Yet,2025-11-07,18:49:26,-08:00,2025-11-07T18:49:26-08:00,1,17
style.css,275,css,00000000,Not Committed Yet,2025-11-07,18:49:26,-08:00,2025-11-07T18:49:26-08:00,1,20
style.css,276,css,00000000,Not Committed Yet,2025-11-07,18:49:26,-08:00,2025-11-07T18:49:26-08:00,1,42
style.css,277,css,32d44821,vanessallfeng,2025-11-01,21:49:54,-07:00,2025-11-01T21:49:54-07:00,0,0
style.css,278,css,32d44821,vanessallfeng,2025-11-01,21:49:54,-07:00,2025-11-01T21:49:54-07:00,0,0
style.css,279,css,00000000,Not Committed Yet,2025-11-07,18:49:26,-08:00,2025-11-07T18:49:26-08:00,0,7
style.css,280,css,00000000,Not Committed Yet,2025-11-07,18:49:26,-08:00,2025-11-07T18:49:26-08:00,1,12
style.css,281,css,00000000,Not Committed Yet,2025-11-07,18:49:26,-08:00,2025-11-07T18:49:26-08:00,1,37
style.css,282,css,00000000,Not Committed Yet,2025-11-07,18:49:26,-08:00,2025-11-07T18:49:26-08:00,1,17
style.css,283,css,00000000,Not Committed Yet,2025-11-07,18:49:26,-08:00,2025-11-07T18:49:26-08:00,1,8
style.css,284,css,00000000,Not Committed Yet,2025-11-07,18:49:26,-08:00,2025-11-07T18:49:26-08:00,1,16
style.css,285,css,32d44821,vanessallfeng,2025-11-01,21:49:54,-07:00,2025-11-01T21:49:54-07:00,0,0
style.css,286,css,32d44821,vanessallfeng,2025-11-01,21:49:54,-07:00,2025-11-01T21:49:54-07:00,0,0
style.css,287,css,00000000,Not Committed Yet,2025-11-07,18:49:26,-08:00,2025-11-07T18:49:26-08:00,0,8
style.css,288,css,00000000,Not Committed Yet,2025-11-07,18:49:26,-08:00,2025-11-07T18:49:26-08:00,1,14
style.css,289,css,00000000,Not Committed Yet,2025-11-07,18:49:26,-08:00,2025-11-07T18:49:26-08:00,1,7
style.css,290,css,00000000,Not Committed Yet,2025-11-07,18:49:26,-08:00,2025-11-07T18:49:26-08:00,1,8
style.css,291,css,00000000,Not Committed Yet,2025-11-07,18:49:26,-08:00,2025-11-07T18:49:26-08:00,1,35
style.css,292,css,00000000,Not Committed Yet,2025-11-07,18:49:26,-08:00,2025-11-07T18:49:26-08:00,1,35
style.css,293,css,00000000,Not Committed Yet,2025-11-07,18:49:26,-08:00,2025-11-07T18:49:26-08:00,1,20
style.css,294,css,00000000,Not Committed Yet,2025-11-07,18:49:26,-08:00,2025-11-07T18:49:26-08:00,1,20
style.css,295,css,00000000,Not Committed Yet,2025-11-07,18:49:26,-08:00,2025-11-07T18:49:26-08:00,1,37
style.css,296,css,00000000,Not Committed Yet,2025-11-07,18:49:26,-08:00,2025-11-07T18:49:26-08:00,1,25
style.css,297,css,00000000,Not Committed Yet,2025-11-07,18:49:26,-08:00,2025-11-07T18:49:26-08:00,1,15
style.css,298,css,00000000,Not Committed Yet,2025-11-07,18:49:26,-08:00,2025-11-07T18:49:26-08:00,1,19
style.css,299,css,00000000,Not Committed Yet,2025-11-07,18:49:26,-08:00,2025-11-07T18:49:26-08:00,1,25
style.css,300,css,00000000,Not Committed Yet,2025-11-07,18:49:26,-08:00,2025-11-07T18:49:26-08:00,1,50
style.css,301,css,32d44821,vanessallfeng,2025-11-01,21:49:54,-07:00,2025-11-01T21:49:54-07:00,0,0
style.css,302,css,00000000,Not Committed Yet,2025-11-07,18:49:26,-08:00,2025-11-07T18:49:26-08:00,0,0
style.css,303,css,00000000,Not Committed Yet,2025-11-07,18:49:26,-08:00,2025-11-07T18:49:26-08:00,0,43
style.css,304,css,00000000,Not Committed Yet,2025-11-07,18:49:26,-08:00,2025-11-07T18:49:26-08:00,1,9
style.css,305,css,00000000,Not Committed Yet,2025-11-07,18:49:26,-08:00,2025-11-07T18:49:26-08:00,1,17
style.css,306,css,00000000,Not Committed Yet,2025-11-07,18:49:26,-08:00,2025-11-07T18:49:26-08:00,0,0
style.css,307,css,00000000,Not Committed Yet,2025-11-07,18:49:26,-08:00,2025-11-07T18:49:26-08:00,0,0
style.css,308,css,00000000,Not Committed Yet,2025-11-07,18:49:26,-08:00,2025-11-07T18:49:26-08:00,0,22
style.css,309,css,00000000,Not Committed Yet,2025-11-07,18:49:26,-08:00,2025-11-07T18:49:26-08:00,1,9
style.css,310,css,00000000,Not Committed Yet,2025-11-07,18:49:26,-08:00,2025-11-07T18:49:26-08:00,1,18
style.css,311,css,00000000,Not Committed Yet,2025-11-07,18:49:26,-08:00,2025-11-07T18:49:26-08:00,1,23
style.css,312,css,1494630f,vanessallfeng,2025-10-15,16:17:35,-07:00,2025-10-15T16:17:35-07:00,0,0
index.js,1,js,2cb5ee5e,vanessallfeng,2025-10-24,18:34:30,-07:00,2025-10-24T18:34:30-07:00,0,71
index.js,2,js,2cb5ee5e,vanessallfeng,2025-10-24,18:34:30,-07:00,2025-10-24T18:34:30-07:00,0,0
index.js,3,js,10d6ac7e,vanessallfeng,2025-10-24,18:44:49,-07:00,2025-10-24T18:44:49-07:00,0,12
index.js,4,js,10d6ac7e,vanessallfeng,2025-10-24,18:44:49,-07:00,2025-10-24T18:44:49-07:00,1,57
index.js,5,js,10d6ac7e,vanessallfeng,2025-10-24,18:44:49,-07:00,2025-10-24T18:44:49-07:00,1,57
index.js,6,js,10d6ac7e,vanessallfeng,2025-10-24,18:44:49,-07:00,2025-10-24T18:44:49-07:00,1,45
index.js,7,js,2cb5ee5e,vanessallfeng,2025-10-24,18:34:30,-07:00,2025-10-24T18:34:30-07:00,0,0
index.js,8,js,10d6ac7e,vanessallfeng,2025-10-24,18:44:49,-07:00,2025-10-24T18:44:49-07:00,1,12
index.js,9,js,10d6ac7e,vanessallfeng,2025-10-24,18:44:49,-07:00,2025-10-24T18:44:49-07:00,2,41
index.js,10,js,10d6ac7e,vanessallfeng,2025-10-24,18:44:49,-07:00,2025-10-24T18:44:49-07:00,2,40
index.js,11,js,10d6ac7e,vanessallfeng,2025-10-24,18:44:49,-07:00,2025-10-24T18:44:49-07:00,2,73
index.js,12,js,2cb5ee5e,vanessallfeng,2025-10-24,18:34:30,-07:00,2025-10-24T18:34:30-07:00,0,0
index.js,13,js,10d6ac7e,vanessallfeng,2025-10-24,18:44:49,-07:00,2025-10-24T18:44:49-07:00,2,52
index.js,14,js,10d6ac7e,vanessallfeng,2025-10-24,18:44:49,-07:00,2025-10-24T18:44:49-07:00,2,14
index.js,15,js,10d6ac7e,vanessallfeng,2025-10-24,18:44:49,-07:00,2025-10-24T18:44:49-07:00,3,46
index.js,16,js,2cb5ee5e,vanessallfeng,2025-10-24,18:34:30,-07:00,2025-10-24T18:34:30-07:00,2,6
index.js,17,js,10d6ac7e,vanessallfeng,2025-10-24,18:44:49,-07:00,2025-10-24T18:44:49-07:00,3,71
index.js,18,js,2cb5ee5e,vanessallfeng,2025-10-24,18:34:30,-07:00,2025-10-24T18:34:30-07:00,2,0
index.js,19,js,10d6ac7e,vanessallfeng,2025-10-24,18:44:49,-07:00,2025-10-24T18:44:49-07:00,0,0
index.js,20,js,10d6ac7e,vanessallfeng,2025-10-24,18:44:49,-07:00,2025-10-24T18:44:49-07:00,2,62
index.js,21,js,10d6ac7e,vanessallfeng,2025-10-24,18:44:49,-07:00,2025-10-24T18:44:49-07:00,2,20
index.js,22,js,00000000,Not Committed Yet,2025-11-07,18:49:26,-08:00,2025-11-07T18:49:26-08:00,3,50
index.js,23,js,10d6ac7e,vanessallfeng,2025-10-24,18:44:49,-07:00,2025-10-24T18:44:49-07:00,3,9
index.js,24,js,10d6ac7e,vanessallfeng,2025-10-24,18:44:49,-07:00,2025-10-24T18:44:49-07:00,4,27
index.js,25,js,10d6ac7e,vanessallfeng,2025-10-24,18:44:49,-07:00,2025-10-24T18:44:49-07:00,5,19
index.js,26,js,10d6ac7e,vanessallfeng,2025-10-24,18:44:49,-07:00,2025-10-24T18:44:49-07:00,6,42
index.js,27,js,10d6ac7e,vanessallfeng,2025-10-24,18:44:49,-07:00,2025-10-24T18:44:49-07:00,6,42
index.js,28,js,10d6ac7e,vanessallfeng,2025-10-24,18:44:49,-07:00,2025-10-24T18:44:49-07:00,6,48
index.js,29,js,10d6ac7e,vanessallfeng,2025-10-24,18:44:49,-07:00,2025-10-24T18:44:49-07:00,6,48
index.js,30,js,10d6ac7e,vanessallfeng,2025-10-24,18:44:49,-07:00,2025-10-24T18:44:49-07:00,5,3
index.js,31,js,10d6ac7e,vanessallfeng,2025-10-24,18:44:49,-07:00,2025-10-24T18:44:49-07:00,4,0
index.js,32,js,10d6ac7e,vanessallfeng,2025-10-24,18:44:49,-07:00,2025-10-24T18:44:49-07:00,3,6
index.js,33,js,10d6ac7e,vanessallfeng,2025-10-24,18:44:49,-07:00,2025-10-24T18:44:49-07:00,4,58
index.js,34,js,10d6ac7e,vanessallfeng,2025-10-24,18:44:49,-07:00,2025-10-24T18:44:49-07:00,3,0
index.js,35,js,10d6ac7e,vanessallfeng,2025-10-24,18:44:49,-07:00,2025-10-24T18:44:49-07:00,2,0
index.js,36,js,10d6ac7e,vanessallfeng,2025-10-24,18:44:49,-07:00,2025-10-24T18:44:49-07:00,1,3
index.js,37,js,2cb5ee5e,vanessallfeng,2025-10-24,18:34:30,-07:00,2025-10-24T18:34:30-07:00,0,3
index.html,1,html,029f29f2,vanessallfeng,2025-10-03,18:31:51,-07:00,2025-10-03T18:31:51-07:00,0,13
index.html,2,html,029f29f2,vanessallfeng,2025-10-03,18:31:51,-07:00,2025-10-03T18:31:51-07:00,0,14
index.html,3,html,029f29f2,vanessallfeng,2025-10-03,18:31:51,-07:00,2025-10-03T18:31:51-07:00,0,4
index.html,4,html,2cb5ee5e,vanessallfeng,2025-10-24,18:34:30,-07:00,2025-10-24T18:34:30-07:00,1,22
index.html,5,html,2cb5ee5e,vanessallfeng,2025-10-24,18:34:30,-07:00,2025-10-24T18:34:30-07:00,1,70
index.html,6,html,2cb5ee5e,vanessallfeng,2025-10-24,18:34:30,-07:00,2025-10-24T18:34:30-07:00,1,54
index.html,7,html,2cb5ee5e,vanessallfeng,2025-10-24,18:34:30,-07:00,2025-10-24T18:34:30-07:00,1,40
index.html,8,html,2cb5ee5e,vanessallfeng,2025-10-24,18:34:30,-07:00,2025-10-24T18:34:30-07:00,0,0
index.html,9,html,2cb5ee5e,vanessallfeng,2025-10-24,18:34:30,-07:00,2025-10-24T18:34:30-07:00,1,5
index.html,10,html,2cb5ee5e,vanessallfeng,2025-10-24,18:34:30,-07:00,2025-10-24T18:34:30-07:00,2,33
index.html,11,html,2cb5ee5e,vanessallfeng,2025-10-24,18:34:30,-07:00,2025-10-24T18:34:30-07:00,2,9
index.html,12,html,2cb5ee5e,vanessallfeng,2025-10-24,18:34:30,-07:00,2025-10-24T18:34:30-07:00,3,12
index.html,13,html,2cb5ee5e,vanessallfeng,2025-10-24,18:34:30,-07:00,2025-10-24T18:34:30-07:00,3,36
index.html,14,html,2cb5ee5e,vanessallfeng,2025-10-24,18:34:30,-07:00,2025-10-24T18:34:30-07:00,3,14
index.html,15,html,2cb5ee5e,vanessallfeng,2025-10-24,18:34:30,-07:00,2025-10-24T18:34:30-07:00,3,15
index.html,16,html,2cb5ee5e,vanessallfeng,2025-10-24,18:34:30,-07:00,2025-10-24T18:34:30-07:00,2,0
index.html,17,html,2cb5ee5e,vanessallfeng,2025-10-24,18:34:30,-07:00,2025-10-24T18:34:30-07:00,2,12
index.html,18,html,2cb5ee5e,vanessallfeng,2025-10-24,18:34:30,-07:00,2025-10-24T18:34:30-07:00,3,15
index.html,19,html,2cb5ee5e,vanessallfeng,2025-10-24,18:34:30,-07:00,2025-10-24T18:34:30-07:00,3,11
index.html,20,html,2cb5ee5e,vanessallfeng,2025-10-24,18:34:30,-07:00,2025-10-24T18:34:30-07:00,3,24
index.html,21,html,2cb5ee5e,vanessallfeng,2025-10-24,18:34:30,-07:00,2025-10-24T18:34:30-07:00,3,19
index.html,22,html,2cb5ee5e,vanessallfeng,2025-10-24,18:34:30,-07:00,2025-10-24T18:34:30-07:00,3,16
index.html,23,html,2cb5ee5e,vanessallfeng,2025-10-24,18:34:30,-07:00,2025-10-24T18:34:30-07:00,2,0
index.html,24,html,2cb5ee5e,vanessallfeng,2025-10-24,18:34:30,-07:00,2025-10-24T18:34:30-07:00,2,44
index.html,25,html,2cb5ee5e,vanessallfeng,2025-10-24,18:34:30,-07:00,2025-10-24T18:34:30-07:00,1,6
index.html,26,html,029f29f2,vanessallfeng,2025-10-03,18:31:51,-07:00,2025-10-03T18:31:51-07:00,0,5
index.html,27,html,029f29f2,vanessallfeng,2025-10-03,18:31:51,-07:00,2025-10-03T18:31:51-07:00,0,4
index.html,28,html,2cb5ee5e,vanessallfeng,2025-10-24,18:34:30,-07:00,2025-10-24T18:34:30-07:00,1,19
index.html,29,html,2cb5ee5e,vanessallfeng,2025-10-24,18:34:30,-07:00,2025-10-24T18:34:30-07:00,1,87
index.html,30,html,2cb5ee5e,vanessallfeng,2025-10-24,18:34:30,-07:00,2025-10-24T18:34:30-07:00,0,0
index.html,31,html,2cb5ee5e,vanessallfeng,2025-10-24,18:34:30,-07:00,2025-10-24T18:34:30-07:00,1,59
index.html,32,html,2cb5ee5e,vanessallfeng,2025-10-24,18:34:30,-07:00,2025-10-24T18:34:30-07:00,0,0
index.html,33,html,2cb5ee5e,vanessallfeng,2025-10-24,18:34:30,-07:00,2025-10-24T18:34:30-07:00,1,22
index.html,34,html,2cb5ee5e,vanessallfeng,2025-10-24,18:34:30,-07:00,2025-10-24T18:34:30-07:00,1,26
index.html,35,html,2cb5ee5e,vanessallfeng,2025-10-24,18:34:30,-07:00,2025-10-24T18:34:30-07:00,0,0
index.html,36,html,2cb5ee5e,vanessallfeng,2025-10-24,18:34:30,-07:00,2025-10-24T18:34:30-07:00,1,22
index.html,37,html,2cb5ee5e,vanessallfeng,2025-10-24,18:34:30,-07:00,2025-10-24T18:34:30-07:00,1,30
index.html,38,html,2cb5ee5e,vanessallfeng,2025-10-24,18:34:30,-07:00,2025-10-24T18:34:30-07:00,0,0
index.html,39,html,2cb5ee5e,vanessallfeng,2025-10-24,18:34:30,-07:00,2025-10-24T18:34:30-07:00,1,51
index.html,40,html,2cb5ee5e,vanessallfeng,2025-10-24,18:34:30,-07:00,2025-10-24T18:34:30-07:00,1,50
index.html,41,html,029f29f2,vanessallfeng,2025-10-03,18:31:51,-07:00,2025-10-03T18:31:51-07:00,0,5
index.html,42,html,2cb5ee5e,vanessallfeng,2025-10-24,18:34:30,-07:00,2025-10-24T18:34:30-07:00,0,5
global.js,1,js,279da714,vanessallfeng,2025-10-15,15:37:49,-07:00,2025-10-15T15:37:49-07:00,0,13
global.js,2,js,279da714,vanessallfeng,2025-10-15,15:37:49,-07:00,2025-10-15T15:37:49-07:00,1,25
global.js,3,js,279da714,vanessallfeng,2025-10-15,15:37:49,-07:00,2025-10-15T15:37:49-07:00,1,38
global.js,4,js,279da714,vanessallfeng,2025-10-15,15:37:49,-07:00,2025-10-15T15:37:49-07:00,1,36
global.js,5,js,279da714,vanessallfeng,2025-10-15,15:37:49,-07:00,2025-10-15T15:37:49-07:00,1,45
global.js,6,js,00000000,Not Committed Yet,2025-11-07,18:49:26,-08:00,2025-11-07T18:49:26-08:00,1,30
global.js,7,js,bc5d1ad5,vanessallfeng,2025-10-15,15:14:51,-07:00,2025-10-15T15:14:51-07:00,1,58
global.js,8,js,bc5d1ad5,vanessallfeng,2025-10-15,15:14:51,-07:00,2025-10-15T15:14:51-07:00,0,0
global.js,9,js,bc5d1ad5,vanessallfeng,2025-10-15,15:14:51,-07:00,2025-10-15T15:14:51-07:00,0,0
global.js,10,js,2cb5ee5e,vanessallfeng,2025-10-24,18:34:30,-07:00,2025-10-24T18:34:30-07:00,0,85
global.js,11,js,279da714,vanessallfeng,2025-10-15,15:37:49,-07:00,2025-10-15T15:37:49-07:00,0,57
global.js,12,js,2cb5ee5e,vanessallfeng,2025-10-24,18:34:30,-07:00,2025-10-24T18:34:30-07:00,0,57
global.js,13,js,279da714,vanessallfeng,2025-10-15,15:37:49,-07:00,2025-10-15T15:37:49-07:00,0,91
global.js,14,js,2cb5ee5e,vanessallfeng,2025-10-24,18:34:30,-07:00,2025-10-24T18:34:30-07:00,0,0
global.js,15,js,00000000,Not Committed Yet,2025-11-07,18:49:26,-08:00,2025-11-07T18:49:26-08:00,0,32
global.js,16,js,00000000,Not Committed Yet,2025-11-07,18:49:26,-08:00,2025-11-07T18:49:26-08:00,1,22
global.js,17,js,00000000,Not Committed Yet,2025-11-07,18:49:26,-08:00,2025-11-07T18:49:26-08:00,1,3
global.js,18,js,00000000,Not Committed Yet,2025-11-07,18:49:26,-08:00,2025-11-07T18:49:26-08:00,2,46
global.js,19,js,00000000,Not Committed Yet,2025-11-07,18:49:26,-08:00,2025-11-07T18:49:26-08:00,1,7
global.js,20,js,00000000,Not Committed Yet,2025-11-07,18:49:26,-08:00,2025-11-07T18:49:26-08:00,1,0
global.js,21,js,00000000,Not Committed Yet,2025-11-07,18:49:26,-08:00,2025-11-07T18:49:26-08:00,1,36
global.js,22,js,00000000,Not Committed Yet,2025-11-07,18:49:26,-08:00,2025-11-07T18:49:26-08:00,1,28
global.js,23,js,00000000,Not Committed Yet,2025-11-07,18:49:26,-08:00,2025-11-07T18:49:26-08:00,1,42
global.js,24,js,00000000,Not Committed Yet,2025-11-07,18:49:26,-08:00,2025-11-07T18:49:26-08:00,1,7
global.js,25,js,00000000,Not Committed Yet,2025-11-07,18:49:26,-08:00,2025-11-07T18:49:26-08:00,0,0
global.js,26,js,00000000,Not Committed Yet,2025-11-07,18:49:26,-08:00,2025-11-07T18:49:26-08:00,0,0
global.js,27,js,00000000,Not Committed Yet,2025-11-07,18:49:26,-08:00,2025-11-07T18:49:26-08:00,0,51
global.js,28,js,00000000,Not Committed Yet,2025-11-07,18:49:26,-08:00,2025-11-07T18:49:26-08:00,0,0
global.js,29,js,279da714,vanessallfeng,2025-10-15,15:37:49,-07:00,2025-10-15T15:37:49-07:00,0,40
global.js,30,js,bc5d1ad5,vanessallfeng,2025-10-15,15:14:51,-07:00,2025-10-15T15:14:51-07:00,0,25
global.js,31,js,bc5d1ad5,vanessallfeng,2025-10-15,15:14:51,-07:00,2025-10-15T15:14:51-07:00,0,0
global.js,32,js,279da714,vanessallfeng,2025-10-15,15:37:49,-07:00,2025-10-15T15:37:49-07:00,0,22
global.js,33,js,bc5d1ad5,vanessallfeng,2025-10-15,15:14:51,-07:00,2025-10-15T15:14:51-07:00,1,14
global.js,34,js,bc5d1ad5,vanessallfeng,2025-10-15,15:14:51,-07:00,2025-10-15T15:14:51-07:00,1,49
global.js,35,js,bc5d1ad5,vanessallfeng,2025-10-15,15:14:51,-07:00,2025-10-15T15:14:51-07:00,0,0
global.js,36,js,bc5d1ad5,vanessallfeng,2025-10-15,15:14:51,-07:00,2025-10-15T15:14:51-07:00,1,36
global.js,37,js,bc5d1ad5,vanessallfeng,2025-10-15,15:14:51,-07:00,2025-10-15T15:14:51-07:00,1,22
global.js,38,js,bc5d1ad5,vanessallfeng,2025-10-15,15:14:51,-07:00,2025-10-15T15:14:51-07:00,0,0
global.js,39,js,bc5d1ad5,vanessallfeng,2025-10-15,15:14:51,-07:00,2025-10-15T15:14:51-07:00,1,36
global.js,40,js,bc5d1ad5,vanessallfeng,2025-10-15,15:14:51,-07:00,2025-10-15T15:14:51-07:00,1,14
global.js,41,js,00000000,Not Committed Yet,2025-11-07,18:49:26,-08:00,2025-11-07T18:49:26-08:00,0,0
global.js,42,js,00000000,Not Committed Yet,2025-11-07,18:49:26,-08:00,2025-11-07T18:49:26-08:00,1,49
global.js,43,js,00000000,Not Committed Yet,2025-11-07,18:49:26,-08:00,2025-11-07T18:49:26-08:00,1,90
global.js,44,js,2cb5ee5e,vanessallfeng,2025-10-24,18:34:30,-07:00,2025-10-24T18:34:30-07:00,0,0
global.js,45,js,bc5d1ad5,vanessallfeng,2025-10-15,15:14:51,-07:00,2025-10-15T15:14:51-07:00,1,42
global.js,46,js,bc5d1ad5,vanessallfeng,2025-10-15,15:14:51,-07:00,2025-10-15T15:14:51-07:00,1,38
global.js,47,js,bc5d1ad5,vanessallfeng,2025-10-15,15:14:51,-07:00,2025-10-15T15:14:51-07:00,1,33
global.js,48,js,bc5d1ad5,vanessallfeng,2025-10-15,15:14:51,-07:00,2025-10-15T15:14:51-07:00,0,0
global.js,49,js,bc5d1ad5,vanessallfeng,2025-10-15,15:14:51,-07:00,2025-10-15T15:14:51-07:00,1,12
global.js,50,js,bc5d1ad5,vanessallfeng,2025-10-15,15:14:51,-07:00,2025-10-15T15:14:51-07:00,0,0
global.js,51,js,bc5d1ad5,vanessallfeng,2025-10-15,15:14:51,-07:00,2025-10-15T15:14:51-07:00,0,0
global.js,52,js,279da714,vanessallfeng,2025-10-15,15:37:49,-07:00,2025-10-15T15:37:49-07:00,0,31
global.js,53,js,279da714,vanessallfeng,2025-10-15,15:37:49,-07:00,2025-10-15T15:37:49-07:00,1,11
global.js,54,js,279da714,vanessallfeng,2025-10-15,15:37:49,-07:00,2025-10-15T15:37:49-07:00,1,0
global.js,55,js,279da714,vanessallfeng,2025-10-15,15:37:49,-07:00,2025-10-15T15:37:49-07:00,1,26
global.js,56,js,279da714,vanessallfeng,2025-10-15,15:37:49,-07:00,2025-10-15T15:37:49-07:00,2,4
global.js,57,js,279da714,vanessallfeng,2025-10-15,15:37:49,-07:00,2025-10-15T15:37:49-07:00,2,24
global.js,58,js,279da714,vanessallfeng,2025-10-15,15:37:49,-07:00,2025-10-15T15:37:49-07:00,3,52
global.js,59,js,279da714,vanessallfeng,2025-10-15,15:37:49,-07:00,2025-10-15T15:37:49-07:00,3,34
global.js,60,js,279da714,vanessallfeng,2025-10-15,15:37:49,-07:00,2025-10-15T15:37:49-07:00,3,32
global.js,61,js,279da714,vanessallfeng,2025-10-15,15:37:49,-07:00,2025-10-15T15:37:49-07:00,2,7
global.js,62,js,279da714,vanessallfeng,2025-10-15,15:37:49,-07:00,2025-10-15T15:37:49-07:00,1,6
global.js,63,js,279da714,vanessallfeng,2025-10-15,15:37:49,-07:00,2025-10-15T15:37:49-07:00,1,0
global.js,64,js,279da714,vanessallfeng,2025-10-15,15:37:49,-07:00,2025-10-15T15:37:49-07:00,0,0
global.js,65,js,279da714,vanessallfeng,2025-10-15,15:37:49,-07:00,2025-10-15T15:37:49-07:00,0,0
global.js,66,js,279da714,vanessallfeng,2025-10-15,15:37:49,-07:00,2025-10-15T15:37:49-07:00,0,53
global.js,67,js,279da714,vanessallfeng,2025-10-15,15:37:49,-07:00,2025-10-15T15:37:49-07:00,0,0
global.js,68,js,279da714,vanessallfeng,2025-10-15,15:37:49,-07:00,2025-10-15T15:37:49-07:00,0,30
global.js,69,js,279da714,vanessallfeng,2025-10-15,15:37:49,-07:00,2025-10-15T15:37:49-07:00,1,55
global.js,70,js,279da714,vanessallfeng,2025-10-15,15:37:49,-07:00,2025-10-15T15:37:49-07:00,1,50
global.js,71,js,279da714,vanessallfeng,2025-10-15,15:37:49,-07:00,2025-10-15T15:37:49-07:00,1,60
global.js,72,js,279da714,vanessallfeng,2025-10-15,15:37:49,-07:00,2025-10-15T15:37:49-07:00,1,37
global.js,73,js,279da714,vanessallfeng,2025-10-15,15:37:49,-07:00,2025-10-15T15:37:49-07:00,1,27
global.js,74,js,279da714,vanessallfeng,2025-10-15,15:37:49,-07:00,2025-10-15T15:37:49-07:00,0,0
global.js,75,js,279da714,vanessallfeng,2025-10-15,15:37:49,-07:00,2025-10-15T15:37:49-07:00,0,0
global.js,76,js,279da714,vanessallfeng,2025-10-15,15:37:49,-07:00,2025-10-15T15:37:49-07:00,0,13
global.js,77,js,279da714,vanessallfeng,2025-10-15,15:37:49,-07:00,2025-10-15T15:37:49-07:00,1,36
global.js,78,js,279da714,vanessallfeng,2025-10-15,15:37:49,-07:00,2025-10-15T15:37:49-07:00,1,43
global.js,79,js,279da714,vanessallfeng,2025-10-15,15:37:49,-07:00,2025-10-15T15:37:49-07:00,1,11
global.js,80,js,279da714,vanessallfeng,2025-10-15,15:37:49,-07:00,2025-10-15T15:37:49-07:00,0,22
global.js,81,js,279da714,vanessallfeng,2025-10-15,15:37:49,-07:00,2025-10-15T15:37:49-07:00,0,0
global.js,82,js,2cb5ee5e,vanessallfeng,2025-10-24,18:34:30,-07:00,2025-10-24T18:34:30-07:00,0,71
global.js,83,js,279da714,vanessallfeng,2025-10-15,15:37:49,-07:00,2025-10-15T15:37:49-07:00,0,0
global.js,84,js,279da714,vanessallfeng,2025-10-15,15:37:49,-07:00,2025-10-15T15:37:49-07:00,0,65
global.js,85,js,279da714,vanessallfeng,2025-10-15,15:37:49,-07:00,2025-10-15T15:37:49-07:00,0,43
global.js,86,js,279da714,vanessallfeng,2025-10-15,15:37:49,-07:00,2025-10-15T15:37:49-07:00,1,17
global.js,87,js,279da714,vanessallfeng,2025-10-15,15:37:49,-07:00,2025-10-15T15:37:49-07:00,1,34
global.js,88,js,279da714,vanessallfeng,2025-10-15,15:37:49,-07:00,2025-10-15T15:37:49-07:00,1,53
global.js,89,js,2cb5ee5e,vanessallfeng,2025-10-24,18:34:30,-07:00,2025-10-24T18:34:30-07:00,1,47
global.js,90,js,2cb5ee5e,vanessallfeng,2025-10-24,18:34:30,-07:00,2025-10-24T18:34:30-07:00,1,52
global.js,91,js,2cb5ee5e,vanessallfeng,2025-10-24,18:34:30,-07:00,2025-10-24T18:34:30-07:00,1,52
global.js,92,js,279da714,vanessallfeng,2025-10-15,15:37:49,-07:00,2025-10-15T15:37:49-07:00,1,18
global.js,93,js,279da714,vanessallfeng,2025-10-15,15:37:49,-07:00,2025-10-15T15:37:49-07:00,0,1
global.js,94,js,279da714,vanessallfeng,2025-10-15,15:37:49,-07:00,2025-10-15T15:37:49-07:00,0,0
global.js,95,js,2cb5ee5e,vanessallfeng,2025-10-24,18:34:30,-07:00,2025-10-24T18:34:30-07:00,0,36
global.js,96,js,2cb5ee5e,vanessallfeng,2025-10-24,18:34:30,-07:00,2025-10-24T18:34:30-07:00,1,3
global.js,97,js,2cb5ee5e,vanessallfeng,2025-10-24,18:34:30,-07:00,2025-10-24T18:34:30-07:00,2,32
global.js,98,js,2cb5ee5e,vanessallfeng,2025-10-24,18:34:30,-07:00,2025-10-24T18:34:30-07:00,2,17
global.js,99,js,2cb5ee5e,vanessallfeng,2025-10-24,18:34:30,-07:00,2025-10-24T18:34:30-07:00,3,66
global.js,100,js,2cb5ee5e,vanessallfeng,2025-10-24,18:34:30,-07:00,2025-10-24T18:34:30-07:00,2,0
global.js,101,js,2cb5ee5e,vanessallfeng,2025-10-24,18:34:30,-07:00,2025-10-24T18:34:30-07:00,2,27
global.js,102,js,2cb5ee5e,vanessallfeng,2025-10-24,18:34:30,-07:00,2025-10-24T18:34:30-07:00,1,15
global.js,103,js,2cb5ee5e,vanessallfeng,2025-10-24,18:34:30,-07:00,2025-10-24T18:34:30-07:00,2,59
global.js,104,js,2cb5ee5e,vanessallfeng,2025-10-24,18:34:30,-07:00,2025-10-24T18:34:30-07:00,2,8
global.js,105,js,2cb5ee5e,vanessallfeng,2025-10-24,18:34:30,-07:00,2025-10-24T18:34:30-07:00,1,0
global.js,106,js,2cb5ee5e,vanessallfeng,2025-10-24,18:34:30,-07:00,2025-10-24T18:34:30-07:00,0,0
global.js,107,js,2cb5ee5e,vanessallfeng,2025-10-24,18:34:30,-07:00,2025-10-24T18:34:30-07:00,0,0
global.js,108,js,2cb5ee5e,vanessallfeng,2025-10-24,18:34:30,-07:00,2025-10-24T18:34:30-07:00,0,72
global.js,109,js,2cb5ee5e,vanessallfeng,2025-10-24,18:34:30,-07:00,2025-10-24T18:34:30-07:00,1,21
global.js,110,js,2cb5ee5e,vanessallfeng,2025-10-24,18:34:30,-07:00,2025-10-24T18:34:30-07:00,0,0
global.js,111,js,2cb5ee5e,vanessallfeng,2025-10-24,18:34:30,-07:00,2025-10-24T18:34:30-07:00,1,23
global.js,112,js,2cb5ee5e,vanessallfeng,2025-10-24,18:34:30,-07:00,2025-10-24T18:34:30-07:00,0,0
global.js,113,js,2cb5ee5e,vanessallfeng,2025-10-24,18:34:30,-07:00,2025-10-24T18:34:30-07:00,1,51
global.js,114,js,2cb5ee5e,vanessallfeng,2025-10-24,18:34:30,-07:00,2025-10-24T18:34:30-07:00,1,64
global.js,115,js,2cb5ee5e,vanessallfeng,2025-10-24,18:34:30,-07:00,2025-10-24T18:34:30-07:00,0,0
global.js,116,js,2cb5ee5e,vanessallfeng,2025-10-24,18:34:30,-07:00,2025-10-24T18:34:30-07:00,1,22
global.js,117,js,2cb5ee5e,vanessallfeng,2025-10-24,18:34:30,-07:00,2025-10-24T18:34:30-07:00,2,40
global.js,118,js,2cb5ee5e,vanessallfeng,2025-10-24,18:34:30,-07:00,2025-10-24T18:34:30-07:00,2,24
global.js,119,js,2cb5ee5e,vanessallfeng,2025-10-24,18:34:30,-07:00,2025-10-24T18:34:30-07:00,2,44
global.js,120,js,2cb5ee5e,vanessallfeng,2025-10-24,18:34:30,-07:00,2025-10-24T18:34:30-07:00,2,27
global.js,121,js,2cb5ee5e,vanessallfeng,2025-10-24,18:34:30,-07:00,2025-10-24T18:34:30-07:00,2,5
global.js,122,js,2cb5ee5e,vanessallfeng,2025-10-24,18:34:30,-07:00,2025-10-24T18:34:30-07:00,1,0
global.js,123,js,2cb5ee5e,vanessallfeng,2025-10-24,18:34:30,-07:00,2025-10-24T18:34:30-07:00,0,0
global.js,124,js,2cb5ee5e,vanessallfeng,2025-10-24,18:34:30,-07:00,2025-10-24T18:34:30-07:00,1,21
global.js,125,js,2cb5ee5e,vanessallfeng,2025-10-24,18:34:30,-07:00,2025-10-24T18:34:30-07:00,2,48
global.js,126,js,2cb5ee5e,vanessallfeng,2025-10-24,18:34:30,-07:00,2025-10-24T18:34:30-07:00,2,19
global.js,127,js,2cb5ee5e,vanessallfeng,2025-10-24,18:34:30,-07:00,2025-10-24T18:34:30-07:00,3,31
global.js,128,js,2cb5ee5e,vanessallfeng,2025-10-24,18:34:30,-07:00,2025-10-24T18:34:30-07:00,3,63
global.js,129,js,2cb5ee5e,vanessallfeng,2025-10-24,18:34:30,-07:00,2025-10-24T18:34:30-07:00,3,27
global.js,130,js,2cb5ee5e,vanessallfeng,2025-10-24,18:34:30,-07:00,2025-10-24T18:34:30-07:00,2,0
global.js,131,js,2cb5ee5e,vanessallfeng,2025-10-24,18:34:30,-07:00,2025-10-24T18:34:30-07:00,2,29
global.js,132,js,2cb5ee5e,vanessallfeng,2025-10-24,18:34:30,-07:00,2025-10-24T18:34:30-07:00,1,0
global.js,133,js,2cb5ee5e,vanessallfeng,2025-10-24,18:34:30,-07:00,2025-10-24T18:34:30-07:00,0,0
global.js,134,js,2cb5ee5e,vanessallfeng,2025-10-24,18:34:30,-07:00,2025-10-24T18:34:30-07:00,0,0
global.js,135,js,2cb5ee5e,vanessallfeng,2025-10-24,18:34:30,-07:00,2025-10-24T18:34:30-07:00,0,47
global.js,136,js,2cb5ee5e,vanessallfeng,2025-10-24,18:34:30,-07:00,2025-10-24T18:34:30-07:00,1,73
global.js,137,js,2cb5ee5e,vanessallfeng,2025-10-24,18:34:30,-07:00,2025-10-24T18:34:30-07:00,1,3
global.js,138,js,2cb5ee5e,vanessallfeng,2025-10-24,18:34:30,-07:00,2025-10-24T18:34:30-07:00,2,33
global.js,139,js,2cb5ee5e,vanessallfeng,2025-10-24,18:34:30,-07:00,2025-10-24T18:34:30-07:00,3,48
global.js,140,js,2cb5ee5e,vanessallfeng,2025-10-24,18:34:30,-07:00,2025-10-24T18:34:30-07:00,2,1
global.js,141,js,2cb5ee5e,vanessallfeng,2025-10-24,18:34:30,-07:00,2025-10-24T18:34:30-07:00,2,17
global.js,142,js,2cb5ee5e,vanessallfeng,2025-10-24,18:34:30,-07:00,2025-10-24T18:34:30-07:00,3,77
global.js,143,js,2cb5ee5e,vanessallfeng,2025-10-24,18:34:30,-07:00,2025-10-24T18:34:30-07:00,2,0
global.js,144,js,2cb5ee5e,vanessallfeng,2025-10-24,18:34:30,-07:00,2025-10-24T18:34:30-07:00,2,27
global.js,145,js,2cb5ee5e,vanessallfeng,2025-10-24,18:34:30,-07:00,2025-10-24T18:34:30-07:00,1,15
global.js,146,js,2cb5ee5e,vanessallfeng,2025-10-24,18:34:30,-07:00,2025-10-24T18:34:30-07:00,2,50
global.js,147,js,2cb5ee5e,vanessallfeng,2025-10-24,18:34:30,-07:00,2025-10-24T18:34:30-07:00,2,10
global.js,148,js,2cb5ee5e,vanessallfeng,2025-10-24,18:34:30,-07:00,2025-10-24T18:34:30-07:00,1,0
global.js,149,js,00000000,Not Committed Yet,2025-11-07,18:49:26,-08:00,2025-11-07T18:49:26-08:00,0,0
resume/resume.html,1,html,7a82694d,vanessallfeng,2025-10-03,19:36:56,-07:00,2025-10-03T19:36:56-07:00,0,13
resume/resume.html,2,html,7a82694d,vanessallfeng,2025-10-03,19:36:56,-07:00,2025-10-03T19:36:56-07:00,0,14
resume/resume.html,3,html,7a82694d,vanessallfeng,2025-10-03,19:36:56,-07:00,2025-10-03T19:36:56-07:00,0,4
resume/resume.html,4,html,bc5d1ad5,vanessallfeng,2025-10-15,15:14:51,-07:00,2025-10-15T15:14:51-07:00,1,22
resume/resume.html,5,html,6d654c03,vanessallfeng,2025-10-15,15:53:03,-07:00,2025-10-15T15:53:03-07:00,1,68
resume/resume.html,6,html,6d654c03,vanessallfeng,2025-10-15,15:53:03,-07:00,2025-10-15T15:53:03-07:00,1,34
resume/resume.html,7,html,1836a693,vanessallfeng,2025-10-15,17:43:36,-07:00,2025-10-15T17:43:36-07:00,1,44
resume/resume.html,8,html,7a82694d,vanessallfeng,2025-10-03,19:36:56,-07:00,2025-10-03T19:36:56-07:00,0,5
resume/resume.html,9,html,6d654c03,vanessallfeng,2025-10-15,15:53:03,-07:00,2025-10-15T15:53:03-07:00,0,19
resume/resume.html,10,html,7a82694d,vanessallfeng,2025-10-03,19:36:56,-07:00,2025-10-03T19:36:56-07:00,1,19
resume/resume.html,11,html,6d654c03,vanessallfeng,2025-10-15,15:53:03,-07:00,2025-10-15T15:53:03-07:00,1,1
resume/resume.html,12,html,6d654c03,vanessallfeng,2025-10-15,15:53:03,-07:00,2025-10-15T15:53:03-07:00,2,73
resume/resume.html,13,html,6d654c03,vanessallfeng,2025-10-15,15:53:03,-07:00,2025-10-15T15:53:03-07:00,2,19
resume/resume.html,14,html,6d654c03,vanessallfeng,2025-10-15,15:53:03,-07:00,2025-10-15T15:53:03-07:00,2,95
resume/resume.html,15,html,6d654c03,vanessallfeng,2025-10-15,15:53:03,-07:00,2025-10-15T15:53:03-07:00,2,82
resume/resume.html,16,html,7a82694d,vanessallfeng,2025-10-03,19:36:56,-07:00,2025-10-03T19:36:56-07:00,1,2
resume/resume.html,17,html,7a82694d,vanessallfeng,2025-10-03,19:36:56,-07:00,2025-10-03T19:36:56-07:00,0,0
resume/resume.html,18,html,7a82694d,vanessallfeng,2025-10-03,19:36:56,-07:00,2025-10-03T19:36:56-07:00,1,16
resume/resume.html,19,html,6d654c03,vanessallfeng,2025-10-15,15:53:03,-07:00,2025-10-15T15:53:03-07:00,1,7
resume/resume.html,20,html,6d654c03,vanessallfeng,2025-10-15,15:53:03,-07:00,2025-10-15T15:53:03-07:00,2,73
resume/resume.html,21,html,6d654c03,vanessallfeng,2025-10-15,15:53:03,-07:00,2025-10-15T15:53:03-07:00,2,1
resume/resume.html,22,html,6d654c03,vanessallfeng,2025-10-15,15:53:03,-07:00,2025-10-15T15:53:03-07:00,3,75
resume/resume.html,23,html,6d654c03,vanessallfeng,2025-10-15,15:53:03,-07:00,2025-10-15T15:53:03-07:00,3,39
resume/resume.html,24,html,6d654c03,vanessallfeng,2025-10-15,15:53:03,-07:00,2025-10-15T15:53:03-07:00,2,2
resume/resume.html,25,html,6d654c03,vanessallfeng,2025-10-15,15:53:03,-07:00,2025-10-15T15:53:03-07:00,2,1
resume/resume.html,26,html,6d654c03,vanessallfeng,2025-10-15,15:53:03,-07:00,2025-10-15T15:53:03-07:00,3,84
resume/resume.html,27,html,6d654c03,vanessallfeng,2025-10-15,15:53:03,-07:00,2025-10-15T15:53:03-07:00,3,66
resume/resume.html,28,html,6d654c03,vanessallfeng,2025-10-15,15:53:03,-07:00,2025-10-15T15:53:03-07:00,2,2
resume/resume.html,29,html,6d654c03,vanessallfeng,2025-10-15,15:53:03,-07:00,2025-10-15T15:53:03-07:00,1,8
resume/resume.html,30,html,7a82694d,vanessallfeng,2025-10-03,19:36:56,-07:00,2025-10-03T19:36:56-07:00,0,0
resume/resume.html,31,html,7a82694d,vanessallfeng,2025-10-03,19:36:56,-07:00,2025-10-03T19:36:56-07:00,1,30
resume/resume.html,32,html,6d654c03,vanessallfeng,2025-10-15,15:53:03,-07:00,2025-10-15T15:53:03-07:00,0,0
resume/resume.html,33,html,6d654c03,vanessallfeng,2025-10-15,15:53:03,-07:00,2025-10-15T15:53:03-07:00,1,19
resume/resume.html,34,html,bc5d1ad5,vanessallfeng,2025-10-15,15:14:51,-07:00,2025-10-15T15:14:51-07:00,2,61
resume/resume.html,35,html,00000000,Not Committed Yet,2025-11-07,18:49:26,-08:00,2025-11-07T18:49:26-08:00,2,42
resume/resume.html,36,html,bc5d1ad5,vanessallfeng,2025-10-15,15:14:51,-07:00,2025-10-15T15:14:51-07:00,2,35
resume/resume.html,37,html,bc5d1ad5,vanessallfeng,2025-10-15,15:14:51,-07:00,2025-10-15T15:14:51-07:00,2,2
resume/resume.html,38,html,6d654c03,vanessallfeng,2025-10-15,15:53:03,-07:00,2025-10-15T15:53:03-07:00,3,209
resume/resume.html,39,html,6d654c03,vanessallfeng,2025-10-15,15:53:03,-07:00,2025-10-15T15:53:03-07:00,3,124
resume/resume.html,40,html,6d654c03,vanessallfeng,2025-10-15,15:53:03,-07:00,2025-10-15T15:53:03-07:00,3,203
resume/resume.html,41,html,6d654c03,vanessallfeng,2025-10-15,15:53:03,-07:00,2025-10-15T15:53:03-07:00,3,115
resume/resume.html,42,html,bc5d1ad5,vanessallfeng,2025-10-15,15:14:51,-07:00,2025-10-15T15:14:51-07:00,2,3
resume/resume.html,43,html,6d654c03,vanessallfeng,2025-10-15,15:53:03,-07:00,2025-10-15T15:53:03-07:00,1,8
resume/resume.html,44,html,7a82694d,vanessallfeng,2025-10-03,19:36:56,-07:00,2025-10-03T19:36:56-07:00,0,0
resume/resume.html,45,html,6d654c03,vanessallfeng,2025-10-15,15:53:03,-07:00,2025-10-15T15:53:03-07:00,1,19
resume/resume.html,46,html,bc5d1ad5,vanessallfeng,2025-10-15,15:14:51,-07:00,2025-10-15T15:14:51-07:00,2,57
resume/resume.html,47,html,bc5d1ad5,vanessallfeng,2025-10-15,15:14:51,-07:00,2025-10-15T15:14:51-07:00,2,42
resume/resume.html,48,html,bc5d1ad5,vanessallfeng,2025-10-15,15:14:51,-07:00,2025-10-15T15:14:51-07:00,2,37
resume/resume.html,49,html,bc5d1ad5,vanessallfeng,2025-10-15,15:14:51,-07:00,2025-10-15T15:14:51-07:00,2,2
resume/resume.html,50,html,6d654c03,vanessallfeng,2025-10-15,15:53:03,-07:00,2025-10-15T15:53:03-07:00,3,191
resume/resume.html,51,html,6d654c03,vanessallfeng,2025-10-15,15:53:03,-07:00,2025-10-15T15:53:03-07:00,3,217
resume/resume.html,52,html,6d654c03,vanessallfeng,2025-10-15,15:53:03,-07:00,2025-10-15T15:53:03-07:00,3,160
resume/resume.html,53,html,6d654c03,vanessallfeng,2025-10-15,15:53:03,-07:00,2025-10-15T15:53:03-07:00,3,116
resume/resume.html,54,html,bc5d1ad5,vanessallfeng,2025-10-15,15:14:51,-07:00,2025-10-15T15:14:51-07:00,2,3
resume/resume.html,55,html,6d654c03,vanessallfeng,2025-10-15,15:53:03,-07:00,2025-10-15T15:53:03-07:00,1,8
resume/resume.html,56,html,7a82694d,vanessallfeng,2025-10-03,19:36:56,-07:00,2025-10-03T19:36:56-07:00,0,0
resume/resume.html,57,html,6d654c03,vanessallfeng,2025-10-15,15:53:03,-07:00,2025-10-15T15:53:03-07:00,1,19
resume/resume.html,58,html,bc5d1ad5,vanessallfeng,2025-10-15,15:14:51,-07:00,2025-10-15T15:14:51-07:00,2,45
resume/resume.html,59,html,bc5d1ad5,vanessallfeng,2025-10-15,15:14:51,-07:00,2025-10-15T15:14:51-07:00,2,42
resume/resume.html,60,html,bc5d1ad5,vanessallfeng,2025-10-15,15:14:51,-07:00,2025-10-15T15:14:51-07:00,2,40
resume/resume.html,61,html,bc5d1ad5,vanessallfeng,2025-10-15,15:14:51,-07:00,2025-10-15T15:14:51-07:00,2,2
resume/resume.html,62,html,6d654c03,vanessallfeng,2025-10-15,15:53:03,-07:00,2025-10-15T15:53:03-07:00,3,182
resume/resume.html,63,html,6d654c03,vanessallfeng,2025-10-15,15:53:03,-07:00,2025-10-15T15:53:03-07:00,3,157
resume/resume.html,64,html,6d654c03,vanessallfeng,2025-10-15,15:53:03,-07:00,2025-10-15T15:53:03-07:00,3,131
resume/resume.html,65,html,6b92fc02,vanessallfeng,2025-10-15,16:04:17,-07:00,2025-10-15T16:04:17-07:00,3,118
resume/resume.html,66,html,6b92fc02,vanessallfeng,2025-10-15,16:04:17,-07:00,2025-10-15T16:04:17-07:00,2,3
resume/resume.html,67,html,6b92fc02,vanessallfeng,2025-10-15,16:04:17,-07:00,2025-10-15T16:04:17-07:00,1,8
resume/resume.html,68,html,6b92fc02,vanessallfeng,2025-10-15,16:04:17,-07:00,2025-10-15T16:04:17-07:00,0,0
resume/resume.html,69,html,6b92fc02,vanessallfeng,2025-10-15,16:04:17,-07:00,2025-10-15T16:04:17-07:00,1,15
resume/resume.html,70,html,6b92fc02,vanessallfeng,2025-10-15,16:04:17,-07:00,2025-10-15T16:04:17-07:00,1,7
resume/resume.html,71,html,6b92fc02,vanessallfeng,2025-10-15,16:04:17,-07:00,2025-10-15T16:04:17-07:00,2,46
resume/resume.html,72,html,6b92fc02,vanessallfeng,2025-10-15,16:04:17,-07:00,2025-10-15T16:04:17-07:00,2,88
resume/resume.html,73,html,6b92fc02,vanessallfeng,2025-10-15,16:04:17,-07:00,2025-10-15T16:04:17-07:00,2,2
resume/resume.html,74,html,6b92fc02,vanessallfeng,2025-10-15,16:04:17,-07:00,2025-10-15T16:04:17-07:00,3,83
resume/resume.html,75,html,6b92fc02,vanessallfeng,2025-10-15,16:04:17,-07:00,2025-10-15T16:04:17-07:00,3,97
resume/resume.html,76,html,6b92fc02,vanessallfeng,2025-10-15,16:04:17,-07:00,2025-10-15T16:04:17-07:00,3,91
resume/resume.html,77,html,6b92fc02,vanessallfeng,2025-10-15,16:04:17,-07:00,2025-10-15T16:04:17-07:00,3,106
resume/resume.html,78,html,6b92fc02,vanessallfeng,2025-10-15,16:04:17,-07:00,2025-10-15T16:04:17-07:00,3,57
resume/resume.html,79,html,6b92fc02,vanessallfeng,2025-10-15,16:04:17,-07:00,2025-10-15T16:04:17-07:00,2,3
resume/resume.html,80,html,6b92fc02,vanessallfeng,2025-10-15,16:04:17,-07:00,2025-10-15T16:04:17-07:00,1,8
resume/resume.html,81,html,6b92fc02,vanessallfeng,2025-10-15,16:04:17,-07:00,2025-10-15T16:04:17-07:00,0,0
resume/resume.html,82,html,6b92fc02,vanessallfeng,2025-10-15,16:04:17,-07:00,2025-10-15T16:04:17-07:00,1,32
resume/resume.html,83,html,6b92fc02,vanessallfeng,2025-10-15,16:04:17,-07:00,2025-10-15T16:04:17-07:00,1,7
resume/resume.html,84,html,6b92fc02,vanessallfeng,2025-10-15,16:04:17,-07:00,2025-10-15T16:04:17-07:00,2,90
resume/resume.html,85,html,6b92fc02,vanessallfeng,2025-10-15,16:04:17,-07:00,2025-10-15T16:04:17-07:00,2,99
resume/resume.html,86,html,6b92fc02,vanessallfeng,2025-10-15,16:04:17,-07:00,2025-10-15T16:04:17-07:00,1,8
resume/resume.html,87,html,6b92fc02,vanessallfeng,2025-10-15,16:04:17,-07:00,2025-10-15T16:04:17-07:00,0,0
resume/resume.html,88,html,6b92fc02,vanessallfeng,2025-10-15,16:04:17,-07:00,2025-10-15T16:04:17-07:00,1,48
resume/resume.html,89,html,6b92fc02,vanessallfeng,2025-10-15,16:04:17,-07:00,2025-10-15T16:04:17-07:00,0,5
resume/resume.html,90,html,6b92fc02,vanessallfeng,2025-10-15,16:04:17,-07:00,2025-10-15T16:04:17-07:00,0,5
projects/projects.js,1,js,2cb5ee5e,vanessallfeng,2025-10-24,18:34:30,-07:00,2025-10-24T18:34:30-07:00,0,55
projects/projects.js,2,js,32d44821,vanessallfeng,2025-11-01,21:49:54,-07:00,2025-11-01T21:49:54-07:00,0,63
projects/projects.js,3,js,2cb5ee5e,vanessallfeng,2025-10-24,18:34:30,-07:00,2025-10-24T18:34:30-07:00,0,0
projects/projects.js,4,js,2cb5ee5e,vanessallfeng,2025-10-24,18:34:30,-07:00,2025-10-24T18:34:30-07:00,0,12
projects/projects.js,5,js,32d44821,vanessallfeng,2025-11-01,21:49:54,-07:00,2025-11-01T21:49:54-07:00,1,58
projects/projects.js,6,js,2cb5ee5e,vanessallfeng,2025-10-24,18:34:30,-07:00,2025-10-24T18:34:30-07:00,0,0
projects/projects.js,7,js,32d44821,vanessallfeng,2025-11-01,21:49:54,-07:00,2025-11-01T21:49:54-07:00,1,60
projects/projects.js,8,js,32d44821,vanessallfeng,2025-11-01,21:49:54,-07:00,2025-11-01T21:49:54-07:00,1,51
projects/projects.js,9,js,32d44821,vanessallfeng,2025-11-01,21:49:54,-07:00,2025-11-01T21:49:54-07:00,0,0
projects/projects.js,10,js,32d44821,vanessallfeng,2025-11-01,21:49:54,-07:00,2025-11-01T21:49:54-07:00,1,88
projects/projects.js,11,js,32d44821,vanessallfeng,2025-11-01,21:49:54,-07:00,2025-11-01T21:49:54-07:00,1,12
projects/projects.js,12,js,32d44821,vanessallfeng,2025-11-01,21:49:54,-07:00,2025-11-01T21:49:54-07:00,2,61
projects/projects.js,13,js,32d44821,vanessallfeng,2025-11-01,21:49:54,-07:00,2025-11-01T21:49:54-07:00,2,52
projects/projects.js,14,js,2cb5ee5e,vanessallfeng,2025-10-24,18:34:30,-07:00,2025-10-24T18:34:30-07:00,1,0
projects/projects.js,15,js,2cb5ee5e,vanessallfeng,2025-10-24,18:34:30,-07:00,2025-10-24T18:34:30-07:00,0,0
projects/projects.js,16,js,32d44821,vanessallfeng,2025-11-01,21:49:54,-07:00,2025-11-01T21:49:54-07:00,1,24
projects/projects.js,17,js,32d44821,vanessallfeng,2025-11-01,21:49:54,-07:00,2025-11-01T21:49:54-07:00,2,10
projects/projects.js,18,js,32d44821,vanessallfeng,2025-11-01,21:49:54,-07:00,2025-11-01T21:49:54-07:00,2,14
projects/projects.js,19,js,32d44821,vanessallfeng,2025-11-01,21:49:54,-07:00,2025-11-01T21:49:54-07:00,2,11
projects/projects.js,20,js,32d44821,vanessallfeng,2025-11-01,21:49:54,-07:00,2025-11-01T21:49:54-07:00,1,0
projects/projects.js,21,js,2cb5ee5e,vanessallfeng,2025-10-24,18:34:30,-07:00,2025-10-24T18:34:30-07:00,0,0
projects/projects.js,22,js,32d44821,vanessallfeng,2025-11-01,21:49:54,-07:00,2025-11-01T21:49:54-07:00,1,20
projects/projects.js,23,js,32d44821,vanessallfeng,2025-11-01,21:49:54,-07:00,2025-11-01T21:49:54-07:00,2,62
projects/projects.js,24,js,32d44821,vanessallfeng,2025-11-01,21:49:54,-07:00,2025-11-01T21:49:54-07:00,2,49
projects/projects.js,25,js,32d44821,vanessallfeng,2025-11-01,21:49:54,-07:00,2025-11-01T21:49:54-07:00,0,0
projects/projects.js,26,js,32d44821,vanessallfeng,2025-11-01,21:49:54,-07:00,2025-11-01T21:49:54-07:00,1,42
projects/projects.js,27,js,32d44821,vanessallfeng,2025-11-01,21:49:54,-07:00,2025-11-01T21:49:54-07:00,1,16
projects/projects.js,28,js,32d44821,vanessallfeng,2025-11-01,21:49:54,-07:00,2025-11-01T21:49:54-07:00,0,0
projects/projects.js,29,js,32d44821,vanessallfeng,2025-11-01,21:49:54,-07:00,2025-11-01T21:49:54-07:00,1,49
projects/projects.js,30,js,32d44821,vanessallfeng,2025-11-01,21:49:54,-07:00,2025-11-01T21:49:54-07:00,0,0
projects/projects.js,31,js,32d44821,vanessallfeng,2025-11-01,21:49:54,-07:00,2025-11-01T21:49:54-07:00,1,12
projects/projects.js,32,js,32d44821,vanessallfeng,2025-11-01,21:49:54,-07:00,2025-11-01T21:49:54-07:00,2,4
projects/projects.js,33,js,32d44821,vanessallfeng,2025-11-01,21:49:54,-07:00,2025-11-01T21:49:54-07:00,2,20
projects/projects.js,34,js,32d44821,vanessallfeng,2025-11-01,21:49:54,-07:00,2025-11-01T21:49:54-07:00,2,10
projects/projects.js,35,js,32d44821,vanessallfeng,2025-11-01,21:49:54,-07:00,2025-11-01T21:49:54-07:00,0,0
projects/projects.js,36,js,32d44821,vanessallfeng,2025-11-01,21:49:54,-07:00,2025-11-01T21:49:54-07:00,1,57
projects/projects.js,37,js,32d44821,vanessallfeng,2025-11-01,21:49:54,-07:00,2025-11-01T21:49:54-07:00,0,0
projects/projects.js,38,js,32d44821,vanessallfeng,2025-11-01,21:49:54,-07:00,2025-11-01T21:49:54-07:00,1,24
projects/projects.js,39,js,32d44821,vanessallfeng,2025-11-01,21:49:54,-07:00,2025-11-01T21:49:54-07:00,0,0
projects/projects.js,40,js,32d44821,vanessallfeng,2025-11-01,21:49:54,-07:00,2025-11-01T21:49:54-07:00,1,15
projects/projects.js,41,js,32d44821,vanessallfeng,2025-11-01,21:49:54,-07:00,2025-11-01T21:49:54-07:00,2,16
projects/projects.js,42,js,32d44821,vanessallfeng,2025-11-01,21:49:54,-07:00,2025-11-01T21:49:54-07:00,2,9
projects/projects.js,43,js,32d44821,vanessallfeng,2025-11-01,21:49:54,-07:00,2025-11-01T21:49:54-07:00,2,6
projects/projects.js,44,js,32d44821,vanessallfeng,2025-11-01,21:49:54,-07:00,2025-11-01T21:49:54-07:00,2,13
projects/projects.js,45,js,32d44821,vanessallfeng,2025-11-01,21:49:54,-07:00,2025-11-01T21:49:54-07:00,2,16
projects/projects.js,46,js,32d44821,vanessallfeng,2025-11-01,21:49:54,-07:00,2025-11-01T21:49:54-07:00,2,32
projects/projects.js,47,js,32d44821,vanessallfeng,2025-11-01,21:49:54,-07:00,2025-11-01T21:49:54-07:00,2,38
projects/projects.js,48,js,32d44821,vanessallfeng,2025-11-01,21:49:54,-07:00,2025-11-01T21:49:54-07:00,0,0
projects/projects.js,49,js,32d44821,vanessallfeng,2025-11-01,21:49:54,-07:00,2025-11-01T21:49:54-07:00,1,34
projects/projects.js,50,js,32d44821,vanessallfeng,2025-11-01,21:49:54,-07:00,2025-11-01T21:49:54-07:00,0,0
projects/projects.js,51,js,32d44821,vanessallfeng,2025-11-01,21:49:54,-07:00,2025-11-01T21:49:54-07:00,1,24
projects/projects.js,52,js,32d44821,vanessallfeng,2025-11-01,21:49:54,-07:00,2025-11-01T21:49:54-07:00,2,14
projects/projects.js,53,js,32d44821,vanessallfeng,2025-11-01,21:49:54,-07:00,2025-11-01T21:49:54-07:00,2,12
projects/projects.js,54,js,32d44821,vanessallfeng,2025-11-01,21:49:54,-07:00,2025-11-01T21:49:54-07:00,2,6
projects/projects.js,55,js,32d44821,vanessallfeng,2025-11-01,21:49:54,-07:00,2025-11-01T21:49:54-07:00,2,11
projects/projects.js,56,js,32d44821,vanessallfeng,2025-11-01,21:49:54,-07:00,2025-11-01T21:49:54-07:00,2,27
projects/projects.js,57,js,32d44821,vanessallfeng,2025-11-01,21:49:54,-07:00,2025-11-01T21:49:54-07:00,2,36
projects/projects.js,58,js,32d44821,vanessallfeng,2025-11-01,21:49:54,-07:00,2025-11-01T21:49:54-07:00,2,75
projects/projects.js,59,js,32d44821,vanessallfeng,2025-11-01,21:49:54,-07:00,2025-11-01T21:49:54-07:00,0,0
projects/projects.js,60,js,32d44821,vanessallfeng,2025-11-01,21:49:54,-07:00,2025-11-01T21:49:54-07:00,1,22
projects/projects.js,61,js,32d44821,vanessallfeng,2025-11-01,21:49:54,-07:00,2025-11-01T21:49:54-07:00,1,19
projects/projects.js,62,js,32d44821,vanessallfeng,2025-11-01,21:49:54,-07:00,2025-11-01T21:49:54-07:00,0,0
projects/projects.js,63,js,00000000,Not Committed Yet,2025-11-07,18:49:26,-08:00,2025-11-07T18:49:26-08:00,1,25
projects/projects.js,64,js,32d44821,vanessallfeng,2025-11-01,21:49:54,-07:00,2025-11-01T21:49:54-07:00,2,32
projects/projects.js,65,js,32d44821,vanessallfeng,2025-11-01,21:49:54,-07:00,2025-11-01T21:49:54-07:00,0,0
projects/projects.js,66,js,32d44821,vanessallfeng,2025-11-01,21:49:54,-07:00,2025-11-01T21:49:54-07:00,2,17
projects/projects.js,67,js,32d44821,vanessallfeng,2025-11-01,21:49:54,-07:00,2025-11-01T21:49:54-07:00,3,71
projects/projects.js,68,js,32d44821,vanessallfeng,2025-11-01,21:49:54,-07:00,2025-11-01T21:49:54-07:00,2,0
projects/projects.js,69,js,32d44821,vanessallfeng,2025-11-01,21:49:54,-07:00,2025-11-01T21:49:54-07:00,0,0
projects/projects.js,70,js,32d44821,vanessallfeng,2025-11-01,21:49:54,-07:00,2025-11-01T21:49:54-07:00,2,16
projects/projects.js,71,js,32d44821,vanessallfeng,2025-11-01,21:49:54,-07:00,2025-11-01T21:49:54-07:00,3,34
projects/projects.js,72,js,32d44821,vanessallfeng,2025-11-01,21:49:54,-07:00,2025-11-01T21:49:54-07:00,3,65
projects/projects.js,73,js,32d44821,vanessallfeng,2025-11-01,21:49:54,-07:00,2025-11-01T21:49:54-07:00,2,0
projects/projects.js,74,js,32d44821,vanessallfeng,2025-11-01,21:49:54,-07:00,2025-11-01T21:49:54-07:00,0,0
projects/projects.js,75,js,32d44821,vanessallfeng,2025-11-01,21:49:54,-07:00,2025-11-01T21:49:54-07:00,2,47
projects/projects.js,76,js,2cb5ee5e,vanessallfeng,2025-10-24,18:34:30,-07:00,2025-10-24T18:34:30-07:00,1,0
projects/projects.js,77,js,32d44821,vanessallfeng,2025-11-01,21:49:54,-07:00,2025-11-01T21:49:54-07:00,0,0
projects/projects.js,78,js,32d44821,vanessallfeng,2025-11-01,21:49:54,-07:00,2025-11-01T21:49:54-07:00,1,26
projects/projects.js,79,js,32d44821,vanessallfeng,2025-11-01,21:49:54,-07:00,2025-11-01T21:49:54-07:00,2,78
projects/projects.js,80,js,32d44821,vanessallfeng,2025-11-01,21:49:54,-07:00,2025-11-01T21:49:54-07:00,2,18
projects/projects.js,81,js,32d44821,vanessallfeng,2025-11-01,21:49:54,-07:00,2025-11-01T21:49:54-07:00,3,22
projects/projects.js,82,js,32d44821,vanessallfeng,2025-11-01,21:49:54,-07:00,2025-11-01T21:49:54-07:00,3,45
projects/projects.js,83,js,32d44821,vanessallfeng,2025-11-01,21:49:54,-07:00,2025-11-01T21:49:54-07:00,2,0
projects/projects.js,84,js,32d44821,vanessallfeng,2025-11-01,21:49:54,-07:00,2025-11-01T21:49:54-07:00,1,0
projects/projects.js,85,js,32d44821,vanessallfeng,2025-11-01,21:49:54,-07:00,2025-11-01T21:49:54-07:00,0,0
projects/projects.js,86,js,32d44821,vanessallfeng,2025-11-01,21:49:54,-07:00,2025-11-01T21:49:54-07:00,1,31
projects/projects.js,87,js,32d44821,vanessallfeng,2025-11-01,21:49:54,-07:00,2025-11-01T21:49:54-07:00,2,24
projects/projects.js,88,js,32d44821,vanessallfeng,2025-11-01,21:49:54,-07:00,2025-11-01T21:49:54-07:00,2,49
projects/projects.js,89,js,32d44821,vanessallfeng,2025-11-01,21:49:54,-07:00,2025-11-01T21:49:54-07:00,2,16
projects/projects.js,90,js,00000000,Not Committed Yet,2025-11-07,18:49:26,-08:00,2025-11-07T18:49:26-08:00,2,15
projects/projects.js,91,js,32d44821,vanessallfeng,2025-11-01,21:49:54,-07:00,2025-11-01T21:49:54-07:00,1,1
projects/projects.js,92,js,32d44821,vanessallfeng,2025-11-01,21:49:54,-07:00,2025-11-01T21:49:54-07:00,0,0
projects/projects.js,93,js,32d44821,vanessallfeng,2025-11-01,21:49:54,-07:00,2025-11-01T21:49:54-07:00,1,37
projects/projects.js,94,js,32d44821,vanessallfeng,2025-11-01,21:49:54,-07:00,2025-11-01T21:49:54-07:00,2,19
projects/projects.js,95,js,32d44821,vanessallfeng,2025-11-01,21:49:54,-07:00,2025-11-01T21:49:54-07:00,2,49
projects/projects.js,96,js,32d44821,vanessallfeng,2025-11-01,21:49:54,-07:00,2025-11-01T21:49:54-07:00,2,16
projects/projects.js,97,js,00000000,Not Committed Yet,2025-11-07,18:49:26,-08:00,2025-11-07T18:49:26-08:00,2,15
projects/projects.js,98,js,32d44821,vanessallfeng,2025-11-01,21:49:54,-07:00,2025-11-01T21:49:54-07:00,1,1
projects/projects.js,99,js,32d44821,vanessallfeng,2025-11-01,21:49:54,-07:00,2025-11-01T21:49:54-07:00,0,0
projects/projects.js,100,js,32d44821,vanessallfeng,2025-11-01,21:49:54,-07:00,2025-11-01T21:49:54-07:00,1,55
projects/projects.js,101,js,32d44821,vanessallfeng,2025-11-01,21:49:54,-07:00,2025-11-01T21:49:54-07:00,1,48
projects/projects.js,102,js,32d44821,vanessallfeng,2025-11-01,21:49:54,-07:00,2025-11-01T21:49:54-07:00,2,37
projects/projects.js,103,js,00000000,Not Committed Yet,2025-11-07,18:49:26,-08:00,2025-11-07T18:49:26-08:00,2,15
projects/projects.js,104,js,32d44821,vanessallfeng,2025-11-01,21:49:54,-07:00,2025-11-01T21:49:54-07:00,1,1
projects/projects.js,105,js,2cb5ee5e,vanessallfeng,2025-10-24,18:34:30,-07:00,2025-10-24T18:34:30-07:00,0,3
projects/index.html,1,html,d7687e97,vanessallfeng,2025-10-15,15:46:20,-07:00,2025-10-15T15:46:20-07:00,0,13
projects/index.html,2,html,d7687e97,vanessallfeng,2025-10-15,15:46:20,-07:00,2025-10-15T15:46:20-07:00,0,14
projects/index.html,3,html,32d44821,vanessallfeng,2025-11-01,21:49:54,-07:00,2025-11-01T21:49:54-07:00,1,4
projects/index.html,4,html,32d44821,vanessallfeng,2025-11-01,21:49:54,-07:00,2025-11-01T21:49:54-07:00,2,22
projects/index.html,5,html,32d44821,vanessallfeng,2025-11-01,21:49:54,-07:00,2025-11-01T21:49:54-07:00,2,21
projects/index.html,6,html,32d44821,vanessallfeng,2025-11-01,21:49:54,-07:00,2025-11-01T21:49:54-07:00,2,70
projects/index.html,7,html,32d44821,vanessallfeng,2025-11-01,21:49:54,-07:00,2025-11-01T21:49:54-07:00,2,43
projects/index.html,8,html,32d44821,vanessallfeng,2025-11-01,21:49:54,-07:00,2025-11-01T21:49:54-07:00,1,5
projects/index.html,9,html,32d44821,vanessallfeng,2025-11-01,21:49:54,-07:00,2025-11-01T21:49:54-07:00,1,4
projects/index.html,10,html,32d44821,vanessallfeng,2025-11-01,21:49:54,-07:00,2025-11-01T21:49:54-07:00,2,38
projects/index.html,11,html,2cb5ee5e,vanessallfeng,2025-10-24,18:34:30,-07:00,2025-10-24T18:34:30-07:00,0,0
projects/index.html,12,html,32d44821,vanessallfeng,2025-11-01,21:49:54,-07:00,2025-11-01T21:49:54-07:00,2,25
projects/index.html,13,html,32d44821,vanessallfeng,2025-11-01,21:49:54,-07:00,2025-11-01T21:49:54-07:00,3,58
projects/index.html,14,html,32d44821,vanessallfeng,2025-11-01,21:49:54,-07:00,2025-11-01T21:49:54-07:00,3,22
projects/index.html,15,html,32d44821,vanessallfeng,2025-11-01,21:49:54,-07:00,2025-11-01T21:49:54-07:00,2,4
projects/index.html,16,html,2cb5ee5e,vanessallfeng,2025-10-24,18:34:30,-07:00,2025-10-24T18:34:30-07:00,0,0
projects/index.html,17,html,32d44821,vanessallfeng,2025-11-01,21:49:54,-07:00,2025-11-01T21:49:54-07:00,2,4
projects/index.html,18,html,32d44821,vanessallfeng,2025-11-01,21:49:54,-07:00,2025-11-01T21:49:54-07:00,3,15
projects/index.html,19,html,32d44821,vanessallfeng,2025-11-01,21:49:54,-07:00,2025-11-01T21:49:54-07:00,3,11
projects/index.html,20,html,32d44821,vanessallfeng,2025-11-01,21:49:54,-07:00,2025-11-01T21:49:54-07:00,3,26
projects/index.html,21,html,32d44821,vanessallfeng,2025-11-01,21:49:54,-07:00,2025-11-01T21:49:54-07:00,3,33
projects/index.html,22,html,32d44821,vanessallfeng,2025-11-01,21:49:54,-07:00,2025-11-01T21:49:54-07:00,2,0
projects/index.html,23,html,32d44821,vanessallfeng,2025-11-01,21:49:54,-07:00,2025-11-01T21:49:54-07:00,0,0
projects/index.html,24,html,32d44821,vanessallfeng,2025-11-01,21:49:54,-07:00,2025-11-01T21:49:54-07:00,2,26
projects/index.html,25,html,32d44821,vanessallfeng,2025-11-01,21:49:54,-07:00,2025-11-01T21:49:54-07:00,0,0
projects/index.html,26,html,32d44821,vanessallfeng,2025-11-01,21:49:54,-07:00,2025-11-01T21:49:54-07:00,2,48
projects/index.html,27,html,32d44821,vanessallfeng,2025-11-01,21:49:54,-07:00,2025-11-01T21:49:54-07:00,2,49
projects/index.html,28,html,32d44821,vanessallfeng,2025-11-01,21:49:54,-07:00,2025-11-01T21:49:54-07:00,1,5
projects/index.html,29,html,2cb5ee5e,vanessallfeng,2025-10-24,18:34:30,-07:00,2025-10-24T18:34:30-07:00,0,5
contact/index.html,1,html,7a82694d,vanessallfeng,2025-10-03,19:36:56,-07:00,2025-10-03T19:36:56-07:00,0,13
contact/index.html,2,html,7a82694d,vanessallfeng,2025-10-03,19:36:56,-07:00,2025-10-03T19:36:56-07:00,0,14
contact/index.html,3,html,7a82694d,vanessallfeng,2025-10-03,19:36:56,-07:00,2025-10-03T19:36:56-07:00,0,4
contact/index.html,4,html,279da714,vanessallfeng,2025-10-15,15:37:49,-07:00,2025-10-15T15:37:49-07:00,1,22
contact/index.html,5,html,279da714,vanessallfeng,2025-10-15,15:37:49,-07:00,2025-10-15T15:37:49-07:00,1,70
contact/index.html,6,html,279da714,vanessallfeng,2025-10-15,15:37:49,-07:00,2025-10-15T15:37:49-07:00,1,20
contact/index.html,7,html,1836a693,vanessallfeng,2025-10-15,17:43:36,-07:00,2025-10-15T17:43:36-07:00,1,44
contact/index.html,8,html,7a82694d,vanessallfeng,2025-10-03,19:36:56,-07:00,2025-10-03T19:36:56-07:00,0,5
contact/index.html,9,html,7a82694d,vanessallfeng,2025-10-03,19:36:56,-07:00,2025-10-03T19:36:56-07:00,0,4
contact/index.html,10,html,279da714,vanessallfeng,2025-10-15,15:37:49,-07:00,2025-10-15T15:37:49-07:00,1,17
contact/index.html,11,html,279da714,vanessallfeng,2025-10-15,15:37:49,-07:00,2025-10-15T15:37:49-07:00,0,0
contact/index.html,12,html,279da714,vanessallfeng,2025-10-15,15:37:49,-07:00,2025-10-15T15:37:49-07:00,1,49
contact/index.html,13,html,279da714,vanessallfeng,2025-10-15,15:37:49,-07:00,2025-10-15T15:37:49-07:00,2,5
contact/index.html,14,html,279da714,vanessallfeng,2025-10-15,15:37:49,-07:00,2025-10-15T15:37:49-07:00,3,6
contact/index.html,15,html,279da714,vanessallfeng,2025-10-15,15:37:49,-07:00,2025-10-15T15:37:49-07:00,3,31
contact/index.html,16,html,279da714,vanessallfeng,2025-10-15,15:37:49,-07:00,2025-10-15T15:37:49-07:00,2,6
contact/index.html,17,html,279da714,vanessallfeng,2025-10-15,15:37:49,-07:00,2025-10-15T15:37:49-07:00,0,0
contact/index.html,18,html,279da714,vanessallfeng,2025-10-15,15:37:49,-07:00,2025-10-15T15:37:49-07:00,2,5
contact/index.html,19,html,279da714,vanessallfeng,2025-10-15,15:37:49,-07:00,2025-10-15T15:37:49-07:00,3,6
contact/index.html,20,html,279da714,vanessallfeng,2025-10-15,15:37:49,-07:00,2025-10-15T15:37:49-07:00,3,49
contact/index.html,21,html,279da714,vanessallfeng,2025-10-15,15:37:49,-07:00,2025-10-15T15:37:49-07:00,2,6
contact/index.html,22,html,279da714,vanessallfeng,2025-10-15,15:37:49,-07:00,2025-10-15T15:37:49-07:00,0,0
contact/index.html,23,html,279da714,vanessallfeng,2025-10-15,15:37:49,-07:00,2025-10-15T15:37:49-07:00,2,33
contact/index.html,24,html,279da714,vanessallfeng,2025-10-15,15:37:49,-07:00,2025-10-15T15:37:49-07:00,1,5
contact/index.html,25,html,279da714,vanessallfeng,2025-10-15,15:37:49,-07:00,2025-10-15T15:37:49-07:00,0,0
contact/index.html,26,html,279da714,vanessallfeng,2025-10-15,15:37:49,-07:00,2025-10-15T15:37:49-07:00,1,48
contact/index.html,27,html,7a82694d,vanessallfeng,2025-10-03,19:36:56,-07:00,2025-10-03T19:36:56-07:00,0,5
contact/index.html,28,html,279da714,vanessallfeng,2025-10-15,15:37:49,-07:00,2025-10-15T15:37:49-07:00,0,5
